date time,,packet id,,accel x, accel y, accel z, gyroz, gyro y, gyro z, compass x, compass y , compass z

2011/8/1 12:01:57,,225,,3760,-32,1904,28,42,-65,-105,-34,241
2011/8/1 12:01:57,,225,,3760,-80,1888,22,54,-87,-102,-30,239
2011/8/1 12:01:57,,225,,3712,-32,1792,28,74,-80,-102,-30,239
2011/8/1 12:01:57,,225,,3792,-16,1744,15,90,-84,-102,-30,239
2011/8/1 12:01:57,,225,,4032,-240,1632,17,89,-86,-107,-31,237
2011/8/1 12:01:57,,226,,3680,192,1600,13,81,-81,-101,-30,240
2011/8/1 12:01:57,,226,,3776,-64,1664,20,74,-77,-101,-30,240
2011/8/1 12:01:57,,226,,3760,-48,1664,18,68,-79,-101,-30,240
2011/8/1 12:01:57,,226,,3712,-160,1744,15,68,-81,-105,-28,244
2011/8/1 12:01:57,,226,,3792,-32,1728,7,79,-88,-104,-29,239
2011/8/1 12:01:57,,227,,3776,-64,1664,1,84,-83,-102,-32,239
2011/8/1 12:01:57,,227,,3808,-80,1632,-1,81,-89,-102,-32,239
2011/8/1 12:01:57,,227,,3728,-64,1696,-3,81,-87,-104,-30,242
2011/8/1 12:01:57,,227,,3840,-96,1600,7,67,-76,-112,-32,237
2011/8/1 12:01:57,,227,,3728,-80,1664,15,55,-74,-105,-31,240
2011/8/1 12:01:57,,228,,3760,-48,1680,25,54,-72,-105,-31,240
2011/8/1 12:01:57,,228,,3824,-16,1856,28,69,-69,-105,-31,240
2011/8/1 12:01:57,,228,,3744,0,1904,33,81,-72,-105,-32,241
2011/8/1 12:01:57,,228,,3792,-64,1792,30,106,-74,-104,-34,238
2011/8/1 12:01:57,,228,,4032,-80,1744,29,113,-74,-104,-34,238
2011/8/1 12:01:57,,229,,3744,-64,1760,28,126,-75,-104,-34,238
2011/8/1 12:01:57,,229,,3760,-112,1632,27,119,-74,-106,-32,237
2011/8/1 12:01:57,,229,,3808,-96,1728,29,114,-74,-108,-33,238
2011/8/1 12:01:57,,229,,3744,-48,1680,35,112,-63,-108,-33,238
2011/8/1 12:01:57,,229,,3824,-32,1696,40,107,-68,-108,-33,238
2011/8/1 12:01:57,,230,,3792,-48,1744,30,106,-72,-100,-29,239
2011/8/1 12:01:57,,230,,3792,-32,1680,35,109,-81,-98,-31,242
2011/8/1 12:01:57,,230,,3728,-32,1696,30,122,-89,-105,-31,238
2011/8/1 12:01:57,,230,,3728,-80,1808,29,136,-89,-105,-31,238
2011/8/1 12:01:57,,230,,3792,-64,1648,28,130,-102,-99,-29,241
2011/8/1 12:01:57,,231,,3760,-80,1760,22,132,-93,-110,-30,238
2011/8/1 12:01:57,,231,,3760,-144,1680,29,124,-98,-99,-29,238
2011/8/1 12:01:57,,231,,3824,-64,1680,20,145,-103,-99,-29,238
2011/8/1 12:01:57,,231,,3776,-80,1584,17,135,-103,-99,-29,238
2011/8/1 12:01:57,,231,,3760,-80,1664,21,135,-104,-104,-27,239
2011/8/1 12:01:57,,232,,3696,-80,1600,16,126,-109,-102,-32,239
2011/8/1 12:01:57,,232,,3744,-128,1600,22,120,-98,-102,-32,239
2011/8/1 12:01:57,,232,,3664,-64,1488,20,127,-102,-102,-32,239
2011/8/1 12:01:57,,232,,3728,-48,1696,24,126,-96,-109,-31,239
2011/8/1 12:01:57,,232,,3744,-160,1680,26,127,-96,-109,-31,243
2011/8/1 12:01:57,,233,,3728,-32,1616,18,139,-100,-109,-31,243
2011/8/1 12:01:57,,233,,3600,-80,1648,13,132,-109,-109,-31,243
2011/8/1 12:01:57,,233,,3712,-96,1680,16,139,-111,-109,-34,236
2011/8/1 12:01:57,,233,,3680,-96,1568,17,132,-109,-105,-34,235
2011/8/1 12:01:57,,233,,3696,-64,1520,18,115,-97,-103,-32,239
2011/8/1 12:01:57,,234,,3744,-96,1616,25,102,-95,-103,-32,239
2011/8/1 12:01:57,,234,,3696,-80,1552,26,100,-91,-99,-32,238
2011/8/1 12:01:57,,234,,3728,-80,1632,23,97,-91,-100,-39,238
2011/8/1 12:01:57,,234,,3776,-128,1680,23,103,-101,-102,-36,240
2011/8/1 12:01:57,,234,,3696,-96,1712,19,107,-92,-102,-36,240
2011/8/1 12:01:57,,235,,3728,-112,1664,9,114,-97,-102,-36,240
2011/8/1 12:01:57,,235,,3696,-144,1664,6,112,-98,-102,-35,236
2011/8/1 12:01:57,,235,,3744,-80,1600,7,114,-98,-103,-35,239
2011/8/1 12:01:57,,235,,3760,-96,1456,7,103,-94,-103,-35,239
2011/8/1 12:01:57,,235,,3728,-176,1520,7,85,-100,-103,-35,239
2011/8/1 12:01:57,,236,,3728,-176,1584,1,75,-99,-104,-36,245
2011/8/1 12:01:57,,236,,3744,-144,1584,3,69,-83,-104,-34,237
2011/8/1 12:01:57,,236,,3728,-96,1664,13,62,-84,-104,-34,237
2011/8/1 12:01:57,,236,,3808,-80,1616,9,62,-83,-104,-34,237
2011/8/1 12:01:57,,236,,3728,-144,1664,7,70,-76,-104,-32,244
2011/8/1 12:01:57,,237,,3760,-144,1600,12,73,-82,-102,-31,238
2011/8/1 12:01:57,,237,,3776,-80,1712,7,72,-85,-103,-34,233
2011/8/1 12:01:57,,237,,3728,-80,1632,10,72,-89,-103,-34,233
2011/8/1 12:01:57,,237,,3760,-80,1616,5,67,-81,-105,-33,238
2011/8/1 12:01:57,,237,,3744,-112,1664,7,75,-78,-107,-32,236
2011/8/1 12:01:57,,238,,3728,-96,1664,7,65,-79,-97,-28,239
2011/8/1 12:01:57,,238,,3760,-48,1696,7,65,-75,-97,-28,239
2011/8/1 12:01:57,,238,,3744,-144,1680,9,73,-78,-103,-28,237
2011/8/1 12:01:57,,238,,3808,-112,1664,6,88,-85,-112,-33,237
2011/8/1 12:01:57,,238,,3776,-192,1696,2,89,-85,-103,-31,241
2011/8/1 12:01:58,,239,,3792,-96,1680,-6,93,-80,-103,-31,241
2011/8/1 12:01:58,,239,,3744,-176,1632,-7,96,-84,-103,-31,241
2011/8/1 12:01:58,,239,,3792,-176,1632,-14,90,-73,-106,-31,241
2011/8/1 12:01:58,,239,,3744,-240,1600,-17,94,-73,-106,-40,237
2011/8/1 12:01:58,,239,,3776,-144,1600,-15,78,-68,-106,-40,237
2011/8/1 12:01:58,,240,,3824,-112,1680,-11,71,-66,-106,-40,237
2011/8/1 12:01:58,,240,,3776,-128,1680,-17,71,-52,-105,-33,240
2011/8/1 12:01:58,,240,,3792,-208,1584,-20,72,-56,-100,-31,241
2011/8/1 12:01:58,,240,,3776,-160,1632,-19,81,-58,-103,-32,241
2011/8/1 12:01:58,,240,,3824,-224,1600,-25,91,-52,-103,-32,241
2011/8/1 12:01:58,,241,,3808,-224,1712,-29,91,-50,-98,-34,242
2011/8/1 12:01:58,,241,,3728,-144,1696,-28,80,-57,-107,-32,238
2011/8/1 12:01:58,,241,,3728,-272,1728,-23,69,-53,-104,-28,239
2011/8/1 12:01:58,,241,,3680,-176,1616,-32,56,-45,-104,-28,239
2011/8/1 12:01:58,,241,,3840,-176,1680,-41,51,-41,-103,-36,244
2011/8/1 12:01:58,,242,,3760,-144,1744,-41,57,-44,-102,-33,243
2011/8/1 12:01:58,,242,,3808,-128,1760,-49,55,-46,-104,-30,236
2011/8/1 12:01:58,,242,,3840,-224,1664,-59,59,-49,-104,-30,236
2011/8/1 12:01:58,,242,,3760,-256,1664,-70,60,-58,-104,-30,236
2011/8/1 12:01:58,,242,,3728,-176,1696,-73,59,-56,-102,-35,245
2011/8/1 12:01:58,,243,,3808,-240,1664,-81,70,-57,-103,-33,240
2011/8/1 12:01:58,,243,,3824,-176,1696,-86,52,-53,-103,-33,240
2011/8/1 12:01:58,,243,,3808,-128,1664,-87,44,-56,-103,-33,240
2011/8/1 12:01:58,,243,,3712,-80,1760,-85,36,-59,-103,-33,234
2011/8/1 12:01:58,,243,,3712,-160,1824,-95,42,-60,-101,-34,239
2011/8/1 12:01:58,,244,,3712,-208,1840,-98,38,-68,-102,-35,239
2011/8/1 12:01:58,,244,,3728,-240,1792,-109,56,-73,-102,-35,239
2011/8/1 12:01:58,,244,,3760,-144,1792,-112,58,-71,-98,-30,238
2011/8/1 12:01:58,,244,,3760,-208,1728,-114,69,-65,-102,-31,239
2011/8/1 12:01:58,,244,,3824,-272,1744,-128,71,-63,-97,-28,239
2011/8/1 12:01:58,,245,,3840,-256,1744,-123,81,-54,-97,-28,239
2011/8/1 12:01:58,,245,,3824,-240,1728,-129,77,-50,-92,-30,241
2011/8/1 12:01:58,,245,,3888,-240,1712,-125,82,-43,-101,-29,245
2011/8/1 12:01:58,,245,,3808,-272,1792,-131,83,-43,-99,-34,239
2011/8/1 12:01:58,,245,,3776,-176,1824,-132,93,-33,-99,-34,239
2011/8/1 12:01:58,,246,,3856,-272,1808,-132,99,-28,-99,-34,239
2011/8/1 12:01:58,,246,,3824,-288,1744,-131,109,-27,-91,-29,238
2011/8/1 12:01:58,,246,,3760,-304,1808,-138,117,-16,-93,-30,239
2011/8/1 12:01:58,,246,,3792,-288,1712,-135,122,-13,-93,-30,239
2011/8/1 12:01:58,,246,,3776,-336,1664,-133,118,-3,-93,-30,239
2011/8/1 12:01:58,,247,,3760,-304,1712,-129,127,1,-89,-28,238
2011/8/1 12:01:58,,247,,3728,-224,1744,-131,126,2,-92,-30,236
2011/8/1 12:01:58,,247,,3856,-288,1744,-130,126,12,-92,-30,236
2011/8/1 12:01:58,,247,,3776,-256,1744,-134,120,14,-92,-30,236
2011/8/1 12:01:58,,247,,3840,-288,1664,-132,130,24,-92,-33,237
2011/8/1 12:01:58,,248,,3760,-304,1712,-140,131,22,-90,-34,240
2011/8/1 12:01:58,,248,,3792,-320,1616,-141,139,25,-94,-33,232
2011/8/1 12:01:58,,248,,3792,-304,1728,-151,137,26,-94,-33,232
2011/8/1 12:01:58,,248,,3744,-208,1760,-152,143,28,-94,-27,241
2011/8/1 12:01:58,,248,,3744,-240,1712,-155,140,27,-91,-34,236
2011/8/1 12:01:58,,249,,3760,-256,1712,-160,134,21,-90,-36,242
2011/8/1 12:01:58,,249,,3744,-208,1728,-163,144,24,-90,-36,242
2011/8/1 12:01:58,,249,,3792,-224,1808,-172,150,7,-90,-36,242
2011/8/1 12:01:58,,249,,3792,-224,1792,-188,154,12,-94,-30,242
2011/8/1 12:01:58,,249,,3712,-32,1664,-197,153,-9,-94,-34,232
2011/8/1 12:01:58,,250,,3728,-176,1728,-210,147,-11,-94,-34,232
2011/8/1 12:01:58,,250,,3680,-128,1696,-218,149,-20,-94,-34,232
2011/8/1 12:01:58,,250,,3664,-192,1664,-226,145,-17,-87,-35,230
2011/8/1 12:01:58,,250,,3696,-208,1664,-235,125,-15,-85,-32,242
2011/8/1 12:01:58,,250,,3760,-208,1696,-242,114,-22,-85,-32,242
2011/8/1 12:01:58,,251,,3728,-192,1600,-250,113,-23,-85,-32,242
2011/8/1 12:01:58,,251,,3712,-144,1680,-252,109,-29,-87,-37,233
2011/8/1 12:01:58,,251,,3712,-160,1664,-252,109,-24,-89,-37,226
2011/8/1 12:01:58,,251,,3728,-176,1632,-261,98,-30,-79,-35,232
2011/8/1 12:01:58,,251,,3680,-176,1616,-262,108,-40,-79,-35,232
2011/8/1 12:01:58,,252,,3648,-160,1600,-275,99,-39,-78,-35,238
2011/8/1 12:01:58,,252,,3696,-160,1584,-270,104,-44,-87,-39,240
2011/8/1 12:01:58,,252,,3696,-176,1600,-273,95,-46,-79,-36,237
2011/8/1 12:01:58,,252,,3680,-192,1664,-278,87,-43,-79,-36,237
2011/8/1 12:01:58,,252,,3744,-16,1680,-275,84,-45,-79,-36,237
2011/8/1 12:01:58,,253,,3632,-112,1664,-279,79,-48,-71,-38,235
2011/8/1 12:01:58,,253,,3808,-160,1696,-284,87,-45,-80,-37,228
2011/8/1 12:01:58,,253,,3728,-176,1696,-287,74,-50,-80,-37,228
2011/8/1 12:01:58,,253,,3664,-240,1728,-285,82,-50,-80,-37,228
2011/8/1 12:01:58,,253,,3744,-176,1600,-284,85,-54,-70,-39,238
2011/8/1 12:01:58,,254,,3680,-128,1536,-289,88,-45,-73,-42,235
2011/8/1 12:01:58,,254,,3744,-96,1408,-285,75,-42,-73,-42,235
2011/8/1 12:01:58,,254,,3712,-96,1616,-277,72,-47,-73,-42,235
2011/8/1 12:01:58,,254,,3744,-144,1632,-270,67,-42,-66,-37,238
2011/8/1 12:01:58,,254,,3760,-80,1584,-274,60,-39,-74,-36,232
2011/8/1 12:01:58,,255,,3712,-144,1680,-269,47,-34,-71,-35,239
2011/8/1 12:01:58,,255,,3632,-144,1664,-273,46,-39,-71,-35,239
2011/8/1 12:01:58,,255,,3728,-160,1664,-268,53,-37,-66,-32,228
2011/8/1 12:01:58,,255,,3728,-160,1616,-266,48,-33,-63,-39,235
2011/8/1 12:01:58,,255,,3776,-96,1696,-272,54,-28,-64,-39,232
2011/8/1 12:01:58,,0,,3776,-160,1680,-274,46,-27,-64,-39,232
2011/8/1 12:01:58,,0,,3824,-224,1632,-267,46,-25,-64,-39,232
2011/8/1 12:01:58,,0,,3776,-208,1744,-260,56,-24,-65,-35,232
2011/8/1 12:01:58,,0,,3776,-208,1664,-262,67,-28,-63,-33,232
2011/8/1 12:01:58,,0,,3840,-224,1760,-267,73,-26,-63,-33,232
2011/8/1 12:01:58,,1,,3824,-176,1712,-263,77,-23,-63,-33,232
2011/8/1 12:01:58,,1,,3824,-224,1648,-262,73,-12,-58,-39,231
2011/8/1 12:01:58,,1,,3776,-240,1632,-254,68,-13,-52,-28,236
2011/8/1 12:01:58,,1,,3792,-224,1616,-259,72,-5,-52,-28,236
2011/8/1 12:01:58,,1,,3792,-208,1680,-253,77,-6,-52,-28,236
2011/8/1 12:01:58,,2,,3792,-176,1792,-267,74,0,-56,-39,229
2011/8/1 12:01:58,,2,,3728,-208,1616,-265,77,4,-65,-32,236
2011/8/1 12:01:58,,2,,3712,-160,1744,-262,75,8,-51,-33,225
2011/8/1 12:01:58,,2,,3696,-176,1696,-266,81,12,-51,-33,225
2011/8/1 12:01:58,,2,,3792,-160,1680,-253,83,16,-57,-34,229
2011/8/1 12:01:58,,3,,3824,-160,1552,-248,88,23,-54,-36,231
2011/8/1 12:01:58,,3,,3712,-144,1680,-249,81,29,-57,-38,225
2011/8/1 12:01:58,,3,,3696,-144,1776,-251,82,25,-57,-38,225
2011/8/1 12:01:58,,3,,3632,-80,1664,-244,89,22,-57,-38,225
2011/8/1 12:01:58,,3,,3632,-160,1616,-245,83,10,-53,-32,235
2011/8/1 12:01:58,,4,,3696,16,1600,-238,82,20,-49,-39,227
2011/8/1 12:01:58,,4,,3664,0,1680,-240,81,1,-49,-39,227
2011/8/1 12:01:58,,4,,3728,64,1584,-241,76,-3,-49,-39,227
2011/8/1 12:01:58,,4,,3792,-48,1616,-242,68,-19,-50,-39,224
2011/8/1 12:01:58,,4,,3760,-16,1632,-241,67,-16,-51,-35,227
2011/8/1 12:01:58,,5,,3744,-64,1584,-248,59,-18,-51,-35,227
2011/8/1 12:01:58,,5,,3808,-48,1536,-247,48,-19,-51,-35,227
2011/8/1 12:01:58,,5,,3840,0,1584,-250,39,-16,-49,-37,224
2011/8/1 12:01:58,,5,,3616,-16,1504,-248,34,-13,-46,-39,225
2011/8/1 12:01:58,,5,,3840,-48,1584,-244,22,-11,-42,-41,225
2011/8/1 12:01:58,,6,,3840,-64,1552,-243,18,4,-42,-41,225
2011/8/1 12:01:58,,6,,3888,-64,1712,-245,24,3,-40,-37,233
2011/8/1 12:01:58,,6,,3808,-80,1696,-233,30,6,-38,-41,229
2011/8/1 12:01:58,,6,,3824,-64,1760,-237,39,2,-43,-37,229
2011/8/1 12:01:58,,6,,3888,-112,1824,-224,56,5,-43,-37,229
2011/8/1 12:01:59,,7,,3808,-160,1792,-219,49,5,-43,-37,229
2011/8/1 12:01:59,,7,,3808,-112,1872,-217,57,9,-38,-36,226
2011/8/1 12:01:59,,7,,3888,-192,1744,-220,57,11,-45,-38,234
2011/8/1 12:01:59,,7,,3840,-208,1808,-219,60,7,-45,-38,234
2011/8/1 12:01:59,,7,,3808,-176,1792,-217,62,2,-45,-38,234
2011/8/1 12:01:59,,8,,3808,-160,1840,-225,68,1,-38,-33,230
2011/8/1 12:01:59,,8,,3792,-96,1808,-227,73,2,-41,-34,225
2011/8/1 12:01:59,,8,,3872,-224,1760,-231,83,8,-41,-34,225
2011/8/1 12:01:59,,8,,3744,-208,1920,-239,87,0,-41,-34,225
2011/8/1 12:01:59,,8,,3600,-16,1744,-248,108,-6,-29,-39,226
2011/8/1 12:01:59,,9,,3760,-80,1904,-259,109,5,-32,-33,227
2011/8/1 12:01:59,,9,,3776,-208,1824,-263,120,2,-32,-38,231
2011/8/1 12:01:59,,9,,3760,-224,1744,-274,124,8,-32,-38,231
2011/8/1 12:01:59,,9,,3760,-272,1712,-288,123,8,-35,-37,219
2011/8/1 12:01:59,,9,,3776,-272,1728,-285,121,5,-31,-39,221
2011/8/1 12:01:59,,10,,3760,-192,1728,-295,118,6,-32,-40,224
2011/8/1 12:01:59,,10,,3744,-240,1968,-294,123,5,-32,-40,224
2011/8/1 12:01:59,,10,,3744,-272,1552,-299,129,6,-32,-40,224
2011/8/1 12:01:59,,10,,3664,-304,1728,-304,138,14,-27,-35,219
2011/8/1 12:01:59,,10,,3696,-208,1728,-304,152,12,-23,-43,220
2011/8/1 12:01:59,,11,,3712,-288,1696,-301,152,29,-23,-43,220
2011/8/1 12:01:59,,11,,3712,-160,1760,-301,162,33,-23,-43,220
2011/8/1 12:01:59,,11,,3744,-240,1696,-300,160,40,-26,-43,219
2011/8/1 12:01:59,,11,,3664,-192,1488,-296,161,47,-25,-42,220
2011/8/1 12:01:59,,11,,3728,-256,1408,-291,159,57,-25,-42,220
2011/8/1 12:01:59,,12,,3760,-96,1440,-300,149,68,-25,-42,220
2011/8/1 12:01:59,,12,,3792,-224,1488,-292,139,80,-27,-40,219
2011/8/1 12:01:59,,12,,3744,-192,1424,-296,118,85,-25,-47,218
2011/8/1 12:01:59,,12,,3808,-128,1360,-293,101,98,-21,-42,221
2011/8/1 12:01:59,,12,,3728,-144,1344,-291,76,104,-21,-42,221
2011/8/1 12:01:59,,13,,3776,-240,1376,-289,53,107,-23,-45,221
2011/8/1 12:01:59,,13,,3840,-208,1728,-294,50,100,-17,-44,214
2011/8/1 12:01:59,,13,,3792,-144,1760,-298,46,94,-22,-42,220
2011/8/1 12:01:59,,13,,3840,-160,1520,-296,50,91,-22,-42,220
2011/8/1 12:01:59,,13,,3728,-144,1456,-301,39,86,-13,-46,217
2011/8/1 12:01:59,,14,,3840,-160,1536,-304,31,82,-20,-43,214
2011/8/1 12:01:59,,14,,3760,-80,1536,-297,22,72,-10,-40,214
2011/8/1 12:01:59,,14,,3856,-144,1504,-297,45,75,-10,-40,214
2011/8/1 12:01:59,,14,,3584,-160,1600,-304,50,74,-10,-40,214
2011/8/1 12:01:59,,14,,3872,-160,1552,-308,60,73,-12,-36,216
2011/8/1 12:01:59,,15,,3808,-160,1552,-315,56,83,-14,-44,216
2011/8/1 12:01:59,,15,,3776,-176,1584,-325,48,80,-14,-44,216
2011/8/1 12:01:59,,15,,3808,-128,1536,-334,44,91,-14,-44,216
2011/8/1 12:01:59,,15,,3760,-192,1648,-337,33,90,-11,-48,218
2011/8/1 12:01:59,,15,,3760,-208,1696,-330,33,96,-10,-49,215
2011/8/1 12:01:59,,16,,3680,-96,1696,-329,26,102,-10,-42,216
2011/8/1 12:01:59,,16,,3760,-80,2000,-324,20,101,-10,-42,216
2011/8/1 12:01:59,,16,,3792,-96,1808,-328,26,102,-9,-41,208
2011/8/1 12:01:59,,16,,3728,-32,1728,-323,36,94,-11,-45,212
2011/8/1 12:01:59,,16,,3792,-48,1776,-323,41,86,-9,-50,213
2011/8/1 12:01:59,,17,,3760,-48,1680,-321,46,82,-9,-50,213
2011/8/1 12:01:59,,17,,3872,-128,1632,-317,43,84,-7,-47,209
2011/8/1 12:01:59,,17,,3824,-160,1472,-312,21,82,-8,-48,212
2011/8/1 12:01:59,,17,,3760,-96,1600,-316,1,87,-5,-45,212
2011/8/1 12:01:59,,17,,4048,-144,1600,-316,-9,92,-5,-45,212
2011/8/1 12:01:59,,18,,3840,-64,1648,-319,-13,104,-5,-45,212
2011/8/1 12:01:59,,18,,3840,-112,1616,-323,-27,98,-5,-51,209
2011/8/1 12:01:59,,18,,3776,-144,1696,-323,-16,99,-6,-53,208
2011/8/1 12:01:59,,18,,3840,-128,1792,-323,-6,91,-6,-53,208
2011/8/1 12:01:59,,18,,3808,-80,1824,-330,28,86,-6,-53,208
2011/8/1 12:01:59,,19,,3808,-64,1824,-339,52,80,-4,-48,215
2011/8/1 12:01:59,,19,,3760,-96,1776,-345,86,62,0,-45,201
2011/8/1 12:01:59,,19,,3728,-160,1696,-354,101,60,0,-46,207
2011/8/1 12:01:59,,19,,3792,-144,1600,-358,100,57,0,-46,207
2011/8/1 12:01:59,,19,,3760,-176,1696,-353,96,66,-1,-45,204
2011/8/1 12:01:59,,20,,3760,-128,1600,-348,78,70,-5,-45,208
2011/8/1 12:01:59,,20,,3760,-240,1584,-355,62,75,-2,-49,209
2011/8/1 12:01:59,,20,,3760,-304,1744,-361,56,87,-2,-49,209
2011/8/1 12:01:59,,20,,3584,-304,1696,-367,57,91,1,-48,203
2011/8/1 12:01:59,,20,,3616,-256,1696,-379,74,92,0,-48,207
2011/8/1 12:01:59,,21,,3856,-496,1680,-384,86,96,4,-50,208
2011/8/1 12:01:59,,21,,3744,-240,1696,-401,108,98,4,-50,208
2011/8/1 12:01:59,,21,,3760,-112,1696,-408,122,106,4,-50,208
2011/8/1 12:01:59,,21,,3776,-192,1712,-423,138,104,6,-47,199
2011/8/1 12:01:59,,21,,3728,-128,1760,-415,142,117,10,-45,202
2011/8/1 12:01:59,,22,,3680,-224,1664,-422,145,111,10,-45,202
2011/8/1 12:01:59,,22,,3632,-192,1648,-427,133,121,10,-45,202
2011/8/1 12:01:59,,22,,3696,-144,1600,-428,122,133,10,-52,194
2011/8/1 12:01:59,,22,,3648,-176,1600,-430,118,133,12,-49,202
2011/8/1 12:01:59,,22,,3664,-192,1616,-432,107,141,12,-49,202
2011/8/1 12:01:59,,23,,3696,-208,1600,-430,97,147,12,-49,202
2011/8/1 12:01:59,,23,,3664,-48,1488,-438,72,145,10,-53,204
2011/8/1 12:01:59,,23,,3680,-208,1488,-443,69,162,9,-57,197
2011/8/1 12:01:59,,23,,3728,-80,1600,-447,59,167,8,-55,194
2011/8/1 12:01:59,,23,,3728,-96,1552,-461,59,162,8,-55,194
2011/8/1 12:01:59,,24,,3744,-112,1616,-469,61,162,17,-60,196
2011/8/1 12:01:59,,24,,3712,-64,1600,-474,61,162,16,-52,192
2011/8/1 12:01:59,,24,,3728,-144,1584,-490,62,166,15,-53,194
2011/8/1 12:01:59,,24,,3616,-144,1568,-493,64,164,15,-53,194
2011/8/1 12:01:59,,24,,3760,-80,1728,-506,56,169,15,-53,194
2011/8/1 12:01:59,,25,,3760,-64,1600,-510,63,172,14,-56,189
2011/8/1 12:01:59,,25,,3808,-160,1664,-526,65,163,15,-54,184
2011/8/1 12:01:59,,25,,3808,-144,1680,-536,65,161,15,-54,184
2011/8/1 12:01:59,,25,,3808,-64,1584,-543,73,148,15,-54,184
2011/8/1 12:01:59,,25,,3808,-80,1584,-553,73,144,16,-57,179
2011/8/1 12:01:59,,26,,3744,-48,1616,-554,77,141,28,-54,185
2011/8/1 12:01:59,,26,,3760,-96,1600,-561,88,135,28,-54,185
2011/8/1 12:01:59,,26,,3744,-160,1584,-572,83,132,28,-54,185
2011/8/1 12:01:59,,26,,3696,-48,1728,-566,81,125,22,-60,180
2011/8/1 12:01:59,,26,,3808,240,1664,-560,83,123,28,-56,182
2011/8/1 12:02:00,,27,,3792,-256,1696,-562,92,127,28,-62,178
2011/8/1 12:02:00,,27,,3824,-64,1600,-562,86,132,28,-62,178
2011/8/1 12:02:00,,27,,3808,-80,1664,-559,83,135,29,-64,181
2011/8/1 12:02:00,,27,,3824,-32,1568,-551,79,152,33,-62,179
2011/8/1 12:02:00,,27,,3904,-80,1568,-544,75,160,32,-61,176
2011/8/1 12:02:00,,28,,3824,-80,1664,-534,65,176,32,-61,176
2011/8/1 12:02:00,,28,,3824,-112,1648,-533,66,174,32,-61,176
2011/8/1 12:02:00,,28,,3840,-64,1728,-524,75,185,32,-65,170
2011/8/1 12:02:00,,28,,3744,-48,1712,-521,75,186,38,-61,177
2011/8/1 12:02:00,,28,,3760,-80,1744,-511,74,187,38,-61,177
2011/8/1 12:02:00,,29,,3728,32,1680,-502,58,185,38,-61,177
2011/8/1 12:02:00,,29,,3712,0,1680,-496,60,186,35,-62,169
2011/8/1 12:02:00,,29,,3760,48,1776,-494,50,173,33,-66,171
2011/8/1 12:02:00,,29,,3696,96,1792,-485,62,164,33,-66,171
2011/8/1 12:02:00,,29,,3712,112,1824,-485,60,156,33,-66,171
2011/8/1 12:02:00,,30,,3728,80,1760,-476,65,141,37,-65,165
2011/8/1 12:02:00,,30,,3760,96,1808,-472,59,136,38,-75,164
2011/8/1 12:02:00,,30,,3696,80,1776,-468,68,124,41,-73,165
2011/8/1 12:02:00,,30,,3824,80,1696,-474,82,119,41,-73,165
2011/8/1 12:02:00,,30,,3760,80,1808,-480,93,106,35,-70,162
2011/8/1 12:02:00,,31,,3776,64,1664,-483,97,105,44,-63,162
2011/8/1 12:02:00,,31,,3792,0,1664,-493,91,103,41,-71,158
2011/8/1 12:02:00,,31,,3824,16,1664,-492,81,94,41,-71,158
2011/8/1 12:02:00,,31,,3792,48,1552,-501,60,95,41,-71,158
2011/8/1 12:02:00,,31,,3776,-48,1728,-505,58,93,51,-78,155
2011/8/1 12:02:00,,32,,3744,-64,1744,-505,50,90,46,-71,157
2011/8/1 12:02:00,,32,,3776,-64,1728,-506,58,92,46,-71,157
2011/8/1 12:02:00,,32,,3792,-112,1760,-509,52,85,46,-71,157
2011/8/1 12:02:00,,32,,4048,-144,1680,-513,49,87,45,-68,157
2011/8/1 12:02:00,,32,,3872,-144,1728,-517,45,90,48,-74,156
2011/8/1 12:02:00,,33,,3856,-176,1760,-519,37,93,48,-74,156
2011/8/1 12:02:00,,33,,3840,-208,1792,-519,36,95,48,-74,156
2011/8/1 12:02:00,,33,,3792,-304,1744,-534,36,94,45,-74,143
2011/8/1 12:02:00,,33,,3840,-304,1792,-545,50,99,55,-78,151
2011/8/1 12:02:00,,33,,3792,-352,1808,-561,55,104,51,-76,149
2011/8/1 12:02:00,,34,,3856,-336,1904,-588,76,106,51,-76,149
2011/8/1 12:02:00,,34,,3744,-320,1808,-609,88,114,52,-68,148
2011/8/1 12:02:00,,34,,3792,-272,1840,-631,108,118,53,-74,141
2011/8/1 12:02:00,,34,,3744,-304,1920,-643,108,129,54,-74,139
2011/8/1 12:02:00,,34,,3696,-336,1952,-659,123,144,54,-74,139
2011/8/1 12:02:00,,35,,3760,-368,1872,-677,130,152,54,-74,139
2011/8/1 12:02:00,,35,,3712,-352,1984,-680,157,152,65,-80,141
2011/8/1 12:02:00,,35,,3600,-368,1936,-700,179,155,57,-80,137
2011/8/1 12:02:00,,35,,3584,-336,2016,-708,193,163,57,-80,137
2011/8/1 12:02:00,,35,,3344,-304,1856,-725,200,164,57,-80,137
2011/8/1 12:02:00,,36,,3616,-272,1920,-729,195,176,63,-78,133
2011/8/1 12:02:00,,36,,3568,-336,1728,-721,191,189,62,-77,128
2011/8/1 12:02:00,,36,,3536,-256,1872,-720,159,216,62,-77,128
2011/8/1 12:02:00,,36,,3568,-336,1776,-716,145,234,62,-77,128
2011/8/1 12:02:00,,36,,3616,-272,1808,-708,121,245,58,-82,124
2011/8/1 12:02:00,,37,,3648,-272,1808,-697,112,248,60,-87,119
2011/8/1 12:02:00,,37,,3632,-224,1824,-691,109,262,60,-89,123
2011/8/1 12:02:00,,37,,3584,-160,1872,-686,106,272,60,-89,123
2011/8/1 12:02:00,,37,,3648,-176,1872,-676,113,272,63,-85,112
2011/8/1 12:02:00,,37,,3648,-112,1792,-661,121,276,64,-82,109
2011/8/1 12:02:00,,38,,3664,-32,1776,-657,132,272,60,-99,111
2011/8/1 12:02:00,,38,,3696,-128,1760,-650,140,276,60,-99,111
2011/8/1 12:02:00,,38,,3760,-176,1776,-645,155,279,60,-99,111
2011/8/1 12:02:00,,38,,3680,-80,1792,-640,158,275,70,-90,114
2011/8/1 12:02:00,,38,,3776,-112,1728,-637,144,278,66,-93,111
2011/8/1 12:02:00,,39,,3728,-160,1744,-643,151,278,66,-93,111
2011/8/1 12:02:00,,39,,3776,-80,1776,-634,156,271,66,-93,111
2011/8/1 12:02:00,,39,,3760,-64,1792,-633,156,278,62,-96,101
2011/8/1 12:02:00,,39,,3760,-128,1744,-628,163,264,64,-101,99
2011/8/1 12:02:00,,39,,3664,-32,1792,-626,157,257,64,-101,99
2011/8/1 12:02:00,,40,,3728,-48,1808,-625,150,248,64,-101,99
2011/8/1 12:02:00,,40,,3712,-80,1776,-626,156,229,68,-102,95
2011/8/1 12:02:00,,40,,3776,-64,1760,-626,165,204,66,-103,90
2011/8/1 12:02:00,,40,,3760,-16,1856,-637,171,190,59,-102,93
2011/8/1 12:02:00,,40,,3680,-48,1760,-644,187,166,59,-102,93
2011/8/1 12:02:00,,41,,3712,-112,1632,-641,183,150,67,-97,89
2011/8/1 12:02:00,,41,,3728,-80,1584,-645,174,124,64,-104,87
2011/8/1 12:02:00,,41,,3744,-112,1616,-642,158,115,63,-98,87
2011/8/1 12:02:00,,41,,3760,-192,1680,-638,136,96,63,-98,87
2011/8/1 12:02:00,,41,,3744,-128,1680,-636,121,87,63,-98,87
2011/8/1 12:02:00,,42,,3760,-80,1600,-636,76,88,69,-108,83
2011/8/1 12:02:00,,42,,3760,-144,1632,-632,54,76,72,-100,83
2011/8/1 12:02:00,,42,,3760,-160,1664,-639,49,63,72,-100,83
2011/8/1 12:02:00,,42,,3760,-112,1584,-641,50,58,72,-100,83
2011/8/1 12:02:00,,42,,3824,-128,1584,-647,62,48,67,-107,72
2011/8/1 12:02:00,,43,,3696,-160,1344,-646,78,50,65,-100,71
2011/8/1 12:02:00,,43,,3808,-240,1584,-642,66,27,65,-100,71
2011/8/1 12:02:00,,43,,3792,-208,1536,-646,66,39,65,-100,71
2011/8/1 12:02:00,,43,,3856,-192,1520,-645,48,42,73,-105,70
2011/8/1 12:02:00,,43,,3904,-240,1552,-648,54,56,70,-109,69
2011/8/1 12:02:00,,44,,3840,-272,1632,-655,50,67,69,-110,60
2011/8/1 12:02:00,,44,,3856,-304,1584,-652,56,82,69,-110,60
2011/8/1 12:02:00,,44,,3888,-304,1584,-660,49,101,65,-109,61
2011/8/1 12:02:00,,44,,3808,-16,1664,-660,57,102,76,-111,60
2011/8/1 12:02:00,,44,,3760,-240,1728,-655,60,112,68,-107,57
2011/8/1 12:02:00,,45,,3776,-208,1760,-651,81,114,68,-107,57
2011/8/1 12:02:00,,45,,3792,-160,1872,-653,85,118,68,-107,57
2011/8/1 12:02:00,,45,,3760,-176,1792,-641,96,120,71,-108,50
2011/8/1 12:02:00,,45,,3712,-240,1776,-637,115,111,73,-116,56
2011/8/1 12:02:00,,45,,3680,-240,1776,-631,129,116,73,-116,56
2011/8/1 12:02:00,,46,,3760,-320,1744,-623,145,121,73,-116,56
2011/8/1 12:02:00,,46,,3696,-304,1680,-615,146,125,69,-114,48
2011/8/1 12:02:00,,46,,3760,-320,1648,-613,140,131,68,-113,47
2011/8/1 12:02:00,,46,,3712,-288,1600,-616,127,136,68,-113,47
2011/8/1 12:02:00,,46,,3712,-224,1552,-607,101,148,68,-113,47
2011/8/1 12:02:01,,47,,3664,-240,1568,-601,85,158,77,-120,46
2011/8/1 12:02:01,,47,,3760,-224,1600,-598,79,163,75,-119,35
2011/8/1 12:02:01,,47,,3728,-272,1680,-597,86,167,71,-119,36
2011/8/1 12:02:01,,47,,3680,-48,1648,-599,93,160,71,-119,36
2011/8/1 12:02:01,,47,,3696,-272,1632,-605,107,160,72,-114,38
2011/8/1 12:02:01,,48,,3776,-48,1664,-608,111,154,66,-124,38
2011/8/1 12:02:01,,48,,3680,-208,1584,-614,111,158,69,-116,27
2011/8/1 12:02:01,,48,,3712,-192,1584,-615,112,143,69,-116,27
2011/8/1 12:02:01,,48,,3648,-192,1680,-611,116,143,68,-121,33
2011/8/1 12:02:01,,48,,3776,-144,1616,-610,110,138,78,-117,32
2011/8/1 12:02:01,,49,,3728,-208,1664,-606,105,138,70,-125,27
2011/8/1 12:02:01,,49,,3744,-176,1536,-606,92,130,70,-125,27
2011/8/1 12:02:01,,49,,3712,-240,1616,-612,96,124,70,-125,27
2011/8/1 12:02:01,,49,,3712,-128,1664,-608,95,116,62,-123,24
2011/8/1 12:02:01,,49,,3728,-208,1504,-618,100,111,70,-123,15
2011/8/1 12:02:01,,50,,3664,-288,1536,-621,94,110,70,-123,15
2011/8/1 12:02:01,,50,,3776,-112,1536,-622,84,107,70,-123,15
2011/8/1 12:02:01,,50,,3744,-288,1536,-620,70,105,68,-125,16
2011/8/1 12:02:01,,50,,3712,-176,1600,-620,56,110,74,-128,16
2011/8/1 12:02:01,,50,,3712,-416,1520,-614,57,109,68,-124,11
2011/8/1 12:02:01,,51,,3712,-208,1568,-610,52,101,68,-124,11
2011/8/1 12:02:01,,51,,3728,-176,1504,-607,56,94,69,-129,10
2011/8/1 12:02:01,,51,,3712,-128,1568,-596,50,102,64,-131,14
2011/8/1 12:02:01,,51,,3776,-240,1632,-595,35,99,65,-129,11
2011/8/1 12:02:01,,51,,3680,-144,1664,-582,34,97,65,-129,11
2011/8/1 12:02:01,,52,,3744,-160,1760,-576,25,94,63,-128,2
2011/8/1 12:02:01,,52,,3696,-176,1664,-574,31,95,69,-129,2
2011/8/1 12:02:01,,52,,3712,-208,1616,-569,36,94,66,-129,7
2011/8/1 12:02:01,,52,,3760,-208,1600,-563,42,90,66,-129,7
2011/8/1 12:02:01,,52,,3728,-256,1680,-563,43,79,66,-129,7
2011/8/1 12:02:01,,53,,3744,-160,1568,-564,55,81,67,-131,0
2011/8/1 12:02:01,,53,,3696,-192,1552,-561,48,79,63,-131,0
2011/8/1 12:02:01,,53,,3696,-272,1504,-557,42,81,63,-131,0
2011/8/1 12:02:01,,53,,3776,-32,1488,-550,28,76,63,-131,0
2011/8/1 12:02:01,,53,,3584,-224,1584,-546,3,66,60,-132,-1
2011/8/1 12:02:01,,54,,3776,-16,1696,-542,4,71,65,-138,-1
2011/8/1 12:02:01,,54,,3776,-224,1584,-546,2,63,66,-133,-4
2011/8/1 12:02:01,,54,,3792,-240,1616,-549,7,52,66,-133,-4
2011/8/1 12:02:01,,54,,3840,-176,1664,-552,12,54,68,-139,-7
2011/8/1 12:02:01,,54,,3792,-224,1632,-545,13,51,60,-138,-10
2011/8/1 12:02:01,,55,,3840,-176,1600,-549,22,51,53,-132,-6
2011/8/1 12:02:01,,55,,3840,-256,1600,-547,28,50,53,-132,-6
2011/8/1 12:02:01,,55,,3824,-256,1584,-552,35,51,66,-137,-11
2011/8/1 12:02:01,,55,,3840,-400,1536,-561,32,62,57,-134,-10
2011/8/1 12:02:01,,55,,3792,-320,1424,-568,7,66,61,-139,-15
2011/8/1 12:02:01,,56,,3792,-320,1536,-563,1,79,61,-139,-15
2011/8/1 12:02:01,,56,,3728,-400,1504,-566,-37,86,61,-139,-15
2011/8/1 12:02:01,,56,,3808,-304,1488,-563,-44,98,61,-137,-14
2011/8/1 12:02:01,,56,,3872,-272,1696,-568,-60,104,54,-139,-17
2011/8/1 12:02:01,,56,,4080,-288,1792,-563,-60,112,54,-139,-17
2011/8/1 12:02:01,,57,,3792,-480,1792,-565,-59,114,54,-139,-17
2011/8/1 12:02:01,,57,,3808,-192,1776,-571,-52,115,51,-143,-16
2011/8/1 12:02:01,,57,,3840,-224,1680,-556,-45,122,54,-142,-24
2011/8/1 12:02:01,,57,,3776,-272,1792,-560,-37,113,54,-142,-24
2011/8/1 12:02:01,,57,,3856,-224,1728,-557,-18,127,54,-142,-24
2011/8/1 12:02:01,,58,,3792,-272,1728,-548,-8,129,50,-141,-24
2011/8/1 12:02:01,,58,,3712,-240,1744,-538,-3,133,55,-140,-21
2011/8/1 12:02:01,,58,,3776,-240,1840,-529,-1,140,49,-141,-17
2011/8/1 12:02:01,,58,,3792,-224,1744,-511,10,145,49,-141,-17
2011/8/1 12:02:01,,58,,3824,-256,1744,-509,12,136,46,-140,-23
2011/8/1 12:02:01,,59,,3760,-192,1792,-495,31,152,44,-139,-27
2011/8/1 12:02:01,,59,,3792,-224,1776,-489,43,146,46,-143,-29
2011/8/1 12:02:01,,59,,3792,-208,1728,-480,54,145,46,-143,-29
2011/8/1 12:02:01,,59,,4064,-240,1680,-475,60,148,46,-143,-29
2011/8/1 12:02:01,,59,,3808,-240,1712,-472,77,137,46,-145,-28
2011/8/1 12:02:01,,60,,3776,-192,1808,-467,81,131,45,-148,-32
2011/8/1 12:02:01,,60,,3808,-240,1744,-463,94,131,45,-148,-32
2011/8/1 12:02:01,,60,,3824,-272,1760,-459,95,125,45,-148,-32
2011/8/1 12:02:01,,60,,3744,-320,1664,-459,90,125,42,-147,-33
2011/8/1 12:02:01,,60,,3664,-336,1792,-461,83,126,52,-146,-28
2011/8/1 12:02:01,,61,,3728,-288,1760,-460,88,124,52,-146,-28
2011/8/1 12:02:01,,61,,3632,-304,1872,-465,86,125,52,-146,-28
2011/8/1 12:02:01,,61,,3648,-208,1728,-458,87,127,40,-149,-39
2011/8/1 12:02:01,,61,,3728,-176,1696,-455,86,123,39,-148,-34
2011/8/1 12:02:01,,61,,3664,-192,1728,-452,77,115,37,-154,-42
2011/8/1 12:02:01,,62,,3728,-208,1696,-454,78,121,37,-154,-42
2011/8/1 12:02:01,,62,,3712,-272,1552,-454,79,118,33,-147,-34
2011/8/1 12:02:01,,62,,3760,-272,1728,-452,73,116,29,-154,-46
2011/8/1 12:02:01,,62,,3696,-224,1584,-451,72,115,32,-150,-45
2011/8/1 12:02:01,,62,,3696,-496,1664,-451,80,113,32,-150,-45
2011/8/1 12:02:01,,63,,3712,-240,1632,-448,67,103,32,-150,-45
2011/8/1 12:02:01,,63,,3728,-240,1680,-445,56,91,31,-157,-45
2011/8/1 12:02:01,,63,,3696,-224,1664,-446,56,86,28,-152,-44
2011/8/1 12:02:01,,63,,3664,-304,1760,-447,55,80,28,-152,-44
2011/8/1 12:02:01,,63,,3744,-144,1696,-443,56,65,28,-152,-44
2011/8/1 12:02:01,,64,,3760,-160,1728,-446,52,73,28,-156,-48
2011/8/1 12:02:01,,64,,3712,-160,1616,-447,49,62,24,-156,-51
2011/8/1 12:02:01,,64,,3712,-160,1728,-436,56,55,24,-156,-51
2011/8/1 12:02:01,,64,,3664,-144,1696,-435,53,56,24,-156,-51
2011/8/1 12:02:01,,64,,3728,-144,1632,-432,44,48,31,-152,-47
2011/8/1 12:02:01,,65,,3808,-224,1648,-420,40,58,28,-160,-53
2011/8/1 12:02:01,,65,,3712,-112,1552,-425,45,44,24,-155,-53
2011/8/1 12:02:01,,65,,3744,-208,1616,-411,39,47,24,-155,-53
2011/8/1 12:02:01,,65,,3696,-96,1568,-408,45,44,21,-155,-55
2011/8/1 12:02:01,,65,,3776,-160,1728,-404,43,45,25,-157,-50
2011/8/1 12:02:01,,66,,3744,-144,1744,-400,40,50,25,-156,-56
2011/8/1 12:02:01,,66,,3808,-80,1712,-392,50,50,25,-156,-56
2011/8/1 12:02:01,,66,,3792,-144,1728,-382,53,48,25,-156,-56
2011/8/1 12:02:01,,66,,3808,-112,1664,-385,72,44,21,-161,-54
2011/8/1 12:02:01,,66,,3760,-208,1760,-383,80,48,19,-162,-61
2011/8/1 12:02:02,,67,,3808,-192,1616,-387,71,48,19,-162,-61
2011/8/1 12:02:02,,67,,3872,-256,1584,-382,72,53,19,-162,-61
2011/8/1 12:02:02,,67,,3872,-240,1584,-373,57,66,23,-162,-57
2011/8/1 12:02:02,,67,,3904,-256,1520,-375,46,74,20,-160,-56
2011/8/1 12:02:02,,67,,3856,-288,1520,-376,26,88,20,-160,-56
2011/8/1 12:02:02,,68,,3904,-288,1712,-377,29,94,20,-160,-56
2011/8/1 12:02:02,,68,,3808,-304,1728,-375,30,101,15,-155,-61
2011/8/1 12:02:02,,68,,3808,-288,1728,-380,46,107,13,-159,-60
2011/8/1 12:02:02,,68,,3840,-240,1744,-374,62,113,13,-158,-65
2011/8/1 12:02:02,,68,,3792,-336,1808,-375,77,115,13,-158,-65
2011/8/1 12:02:02,,69,,3824,-464,1792,-369,81,118,8,-160,-59
2011/8/1 12:02:02,,69,,3776,-240,1824,-363,92,124,12,-163,-61
2011/8/1 12:02:02,,69,,3808,-320,1760,-364,89,127,6,-162,-54
2011/8/1 12:02:02,,69,,3792,-304,1840,-366,97,124,6,-162,-54
2011/8/1 12:02:02,,69,,3760,-272,1808,-369,101,129,6,-162,-54
2011/8/1 12:02:02,,70,,3680,-304,1664,-368,103,129,6,-164,-63
2011/8/1 12:02:02,,70,,3728,-304,1568,-378,109,125,0,-163,-70
2011/8/1 12:02:02,,70,,3760,-240,1792,-380,110,125,0,-163,-70
2011/8/1 12:02:02,,70,,3760,-208,1808,-383,115,111,0,-163,-70
2011/8/1 12:02:02,,70,,3728,-288,1696,-394,120,104,4,-163,-72
2011/8/1 12:02:02,,71,,3680,-352,1744,-397,127,108,6,-162,-66
2011/8/1 12:02:02,,71,,3760,-272,1696,-411,118,100,6,-162,-66
2011/8/1 12:02:02,,71,,3728,-336,1728,-415,122,99,6,-162,-66
2011/8/1 12:02:02,,71,,3728,-496,1664,-422,123,88,-2,-163,-70
2011/8/1 12:02:02,,71,,3728,-64,1696,-426,124,90,-5,-163,-72
2011/8/1 12:02:02,,72,,3664,-48,1664,-430,130,91,-7,-170,-73
2011/8/1 12:02:02,,72,,3680,-256,1664,-436,124,92,-7,-170,-73
2011/8/1 12:02:02,,72,,3696,-304,1584,-440,119,93,-9,-167,-76
2011/8/1 12:02:02,,72,,3760,-192,1520,-447,108,100,-3,-170,-77
2011/8/1 12:02:02,,72,,3664,-256,1600,-448,99,105,-4,-167,-79
2011/8/1 12:02:02,,73,,3664,-208,1312,-451,74,107,-4,-167,-79
2011/8/1 12:02:02,,73,,3696,-256,1552,-455,70,112,-4,-167,-79
2011/8/1 12:02:02,,73,,3728,-272,1552,-457,68,109,-11,-173,-79
2011/8/1 12:02:02,,73,,3616,-256,1584,-462,62,110,-7,-171,-78
2011/8/1 12:02:02,,73,,3664,-208,1616,-461,56,108,-7,-171,-78
2011/8/1 12:02:02,,74,,3712,-176,1680,-459,52,109,-7,-171,-78
2011/8/1 12:02:02,,74,,3632,-160,1664,-459,56,95,-11,-172,-74
2011/8/1 12:02:02,,74,,3824,-96,1776,-459,59,105,-14,-168,-78
2011/8/1 12:02:02,,74,,3600,-112,1696,-463,69,96,-14,-168,-78
2011/8/1 12:02:02,,74,,3568,-160,1632,-462,57,101,-14,-168,-78
2011/8/1 12:02:02,,75,,3584,-128,1584,-458,40,101,-17,-174,-86
2011/8/1 12:02:02,,75,,3584,-144,1504,-447,32,102,-9,-174,-80
2011/8/1 12:02:02,,75,,3568,-64,1632,-441,6,107,-15,-172,-86
2011/8/1 12:02:02,,75,,3600,-48,1552,-433,-2,110,-15,-172,-86
2011/8/1 12:02:02,,75,,3680,0,1712,-442,-6,107,-18,-168,-80
2011/8/1 12:02:02,,76,,3600,-16,1712,-435,2,101,-20,-172,-83
2011/8/1 12:02:02,,76,,3552,-32,1760,-437,10,95,-26,-172,-83
2011/8/1 12:02:02,,76,,3712,-80,1760,-428,9,97,-26,-172,-83
2011/8/1 12:02:02,,76,,3632,0,1696,-429,9,94,-26,-172,-83
2011/8/1 12:02:02,,76,,3632,-80,1632,-421,14,98,-30,-175,-83
2011/8/1 12:02:02,,77,,3712,-160,1632,-413,-3,102,-22,-174,-81
2011/8/1 12:02:02,,77,,3696,-64,1584,-411,-15,103,-22,-174,-81
2011/8/1 12:02:02,,77,,3744,16,1568,-403,-29,106,-22,-174,-81
2011/8/1 12:02:02,,77,,3824,-224,1600,-394,-38,111,-30,-174,-83
2011/8/1 12:02:02,,77,,3760,208,1568,-389,-60,114,-26,-173,-84
2011/8/1 12:02:02,,78,,3744,48,1696,-389,-63,118,-26,-173,-84
2011/8/1 12:02:02,,78,,3840,-64,1696,-382,-68,121,-26,-173,-84
2011/8/1 12:02:02,,78,,3792,-32,1696,-385,-64,114,-34,-171,-87
2011/8/1 12:02:02,,78,,3808,-32,1744,-381,-55,107,-35,-174,-83
2011/8/1 12:02:02,,78,,3872,-48,1648,-384,-53,98,-38,-173,-80
2011/8/1 12:02:02,,79,,3776,0,1680,-389,-34,89,-38,-173,-80
2011/8/1 12:02:02,,79,,3920,0,1680,-384,-30,90,-34,-176,-81
2011/8/1 12:02:02,,79,,3824,-80,1712,-390,-15,71,-42,-178,-84
2011/8/1 12:02:02,,79,,3872,-64,1712,-387,-6,72,-47,-177,-91
2011/8/1 12:02:02,,79,,3840,16,1600,-396,12,64,-47,-177,-91
2011/8/1 12:02:02,,80,,3952,-144,1536,-407,5,70,-43,-175,-75
2011/8/1 12:02:02,,80,,3952,-144,1744,-407,5,78,-43,-177,-84
2011/8/1 12:02:02,,80,,3920,-64,1728,-420,2,80,-43,-183,-83
2011/8/1 12:02:02,,80,,3840,-192,1664,-426,-7,93,-43,-183,-83
2011/8/1 12:02:02,,80,,3824,-96,1792,-447,-1,99,-43,-183,-83
2011/8/1 12:02:02,,81,,3792,-176,1856,-448,1,110,-43,-175,-82
2011/8/1 12:02:02,,81,,3808,-256,1760,-452,2,117,-47,-175,-85
2011/8/1 12:02:02,,81,,3728,-224,1856,-458,11,131,-47,-175,-85
2011/8/1 12:02:02,,81,,3792,-224,1792,-475,4,142,-47,-175,-85
2011/8/1 12:02:02,,81,,3760,-192,1568,-473,-6,157,-53,-182,-89
2011/8/1 12:02:02,,82,,3776,-208,1872,-467,-15,157,-51,-183,-95
2011/8/1 12:02:02,,82,,3792,-96,1936,-468,-24,170,-56,-179,-86
2011/8/1 12:02:02,,82,,3776,-144,1936,-451,-13,174,-56,-179,-86
2011/8/1 12:02:02,,82,,3776,-144,1936,-449,12,176,-54,-180,-83
2011/8/1 12:02:02,,82,,3696,-112,1920,-442,21,167,-59,-183,-83
2011/8/1 12:02:02,,83,,3744,-80,1888,-437,38,164,-59,-184,-82
2011/8/1 12:02:02,,83,,3696,-48,1824,-428,48,163,-59,-184,-82
2011/8/1 12:02:02,,83,,3664,-16,1824,-433,68,168,-63,-180,-83
2011/8/1 12:02:02,,83,,3808,192,1824,-426,70,162,-62,-187,-84
2011/8/1 12:02:02,,83,,3872,224,1712,-420,63,164,-68,-178,-86
2011/8/1 12:02:02,,84,,3728,0,1760,-419,64,167,-68,-178,-86
2011/8/1 12:02:02,,84,,3744,32,1728,-419,53,159,-68,-178,-86
2011/8/1 12:02:02,,84,,3760,-16,1792,-418,55,158,-72,-185,-87
2011/8/1 12:02:02,,84,,3696,48,1712,-423,56,162,-66,-185,-85
2011/8/1 12:02:02,,84,,3696,-48,1872,-430,60,149,-66,-185,-85
2011/8/1 12:02:02,,85,,3696,0,2016,-440,63,154,-66,-185,-85
2011/8/1 12:02:02,,85,,3696,80,1888,-453,72,146,-75,-187,-90
2011/8/1 12:02:02,,85,,3632,0,1856,-457,86,147,-78,-187,-87
2011/8/1 12:02:02,,85,,3648,64,1776,-454,93,146,-75,-189,-91
2011/8/1 12:02:02,,85,,3664,0,1856,-450,91,138,-75,-189,-91
2011/8/1 12:02:02,,86,,3696,-64,1824,-454,100,134,-82,-179,-90
2011/8/1 12:02:02,,86,,3760,-16,1776,-451,96,131,-86,-187,-87
2011/8/1 12:02:02,,86,,3680,-80,1744,-452,87,128,-88,-187,-83
2011/8/1 12:02:02,,86,,3712,-32,1776,-456,75,123,-88,-187,-83
2011/8/1 12:02:02,,86,,3632,-80,1744,-451,71,130,-81,-180,-85
2011/8/1 12:02:03,,87,,3696,-128,1696,-456,71,127,-89,-186,-88
2011/8/1 12:02:03,,87,,3664,-32,1792,-447,75,127,-89,-183,-86
2011/8/1 12:02:03,,87,,3664,16,1744,-458,70,135,-89,-183,-86
2011/8/1 12:02:03,,87,,3664,-48,1696,-456,67,130,-89,-183,-86
2011/8/1 12:02:03,,87,,3616,-16,1536,-451,50,133,-91,-187,-93
2011/8/1 12:02:03,,88,,3712,64,1968,-444,38,136,-94,-180,-91
2011/8/1 12:02:03,,88,,3664,96,1696,-425,27,140,-94,-180,-91
2011/8/1 12:02:03,,88,,3632,112,1728,-426,27,133,-94,-180,-91
2011/8/1 12:02:03,,88,,3712,16,1792,-424,39,135,-98,-188,-88
2011/8/1 12:02:03,,88,,3696,16,1696,-413,39,132,-90,-181,-92
2011/8/1 12:02:03,,89,,3760,80,1744,-417,50,129,-90,-181,-92
2011/8/1 12:02:03,,89,,3680,96,1712,-414,52,131,-90,-181,-92
2011/8/1 12:02:03,,89,,3760,112,1728,-409,52,132,-100,-186,-90
2011/8/1 12:02:03,,89,,3824,112,1728,-402,50,134,-102,-184,-89
2011/8/1 12:02:03,,89,,3792,128,1744,-399,45,132,-106,-186,-91
2011/8/1 12:02:03,,90,,3744,96,1856,-395,43,131,-106,-186,-91
2011/8/1 12:02:03,,90,,3696,64,1760,-382,46,125,-112,-186,-86
2011/8/1 12:02:03,,90,,3760,96,1856,-386,49,119,-112,-188,-85
2011/8/1 12:02:03,,90,,3744,-16,1824,-383,52,117,-106,-187,-83
2011/8/1 12:02:03,,90,,3760,32,1808,-379,41,114,-106,-187,-83
2011/8/1 12:02:03,,91,,3808,-48,1856,-382,53,108,-106,-187,-83
2011/8/1 12:02:03,,91,,3808,-16,1840,-383,63,106,-116,-189,-87
2011/8/1 12:02:03,,91,,3776,64,1824,-387,80,95,-116,-188,-88
2011/8/1 12:02:03,,91,,3824,-64,1872,-391,92,93,-116,-188,-88
2011/8/1 12:02:03,,91,,3808,32,1840,-398,106,91,-116,-188,-88
2011/8/1 12:02:03,,92,,3808,-48,1760,-395,120,85,-119,-184,-87
2011/8/1 12:02:03,,92,,3776,-16,1712,-402,121,91,-121,-182,-85
2011/8/1 12:02:03,,92,,3968,-112,1728,-390,113,85,-121,-182,-85
2011/8/1 12:02:03,,92,,3728,-80,1696,-395,105,90,-121,-182,-85
2011/8/1 12:02:03,,92,,3792,-96,1728,-397,96,90,-119,-192,-89
2011/8/1 12:02:03,,93,,3808,-48,1856,-406,94,85,-121,-186,-92
2011/8/1 12:02:03,,93,,3760,-48,1856,-415,101,96,-123,-188,-90
2011/8/1 12:02:03,,93,,3840,-128,1776,-427,107,87,-123,-188,-90
2011/8/1 12:02:03,,93,,3776,-176,1792,-439,123,91,-123,-179,-88
2011/8/1 12:02:03,,93,,3712,-192,1584,-446,127,102,-128,-183,-89
2011/8/1 12:02:03,,94,,3712,-144,1824,-454,131,102,-125,-189,-89
2011/8/1 12:02:03,,94,,3712,-176,1664,-462,119,111,-125,-189,-89
2011/8/1 12:02:03,,94,,3696,-96,1776,-451,107,120,-125,-189,-89
2011/8/1 12:02:03,,94,,3728,-128,1744,-445,83,130,-124,-184,-94
2011/8/1 12:02:03,,94,,3632,-144,1808,-443,69,131,-132,-186,-86
2011/8/1 12:02:03,,95,,3728,-32,1920,-429,64,131,-132,-186,-86
2011/8/1 12:02:03,,95,,3632,-80,1856,-430,70,125,-132,-186,-86
2011/8/1 12:02:03,,95,,3664,-240,1920,-430,72,124,-137,-189,-94
2011/8/1 12:02:03,,95,,3632,48,1840,-427,83,111,-136,-183,-88
2011/8/1 12:02:03,,95,,3648,48,1840,-424,92,107,-136,-183,-88
2011/8/1 12:02:03,,96,,3744,48,1728,-425,99,97,-136,-183,-88
2011/8/1 12:02:03,,96,,3744,112,1776,-423,99,94,-142,-184,-85
2011/8/1 12:02:03,,96,,3680,32,1680,-429,111,98,-138,-188,-95
2011/8/1 12:02:03,,96,,3712,64,1632,-431,109,99,-140,-186,-93
2011/8/1 12:02:03,,96,,3728,48,1728,-433,105,106,-140,-186,-93
2011/8/1 12:02:03,,97,,3728,16,1632,-438,106,117,-146,-184,-86
2011/8/1 12:02:03,,97,,3728,64,1632,-443,97,123,-147,-183,-88
2011/8/1 12:02:03,,97,,3728,48,1696,-451,93,125,-149,-186,-85
2011/8/1 12:02:03,,97,,3728,-32,1744,-457,86,126,-149,-186,-85
2011/8/1 12:02:03,,97,,3744,-32,1760,-459,83,133,-149,-186,-85
2011/8/1 12:02:03,,98,,3712,-80,1776,-477,70,135,-147,-185,-82
2011/8/1 12:02:03,,98,,3696,-32,1760,-477,66,147,-152,-184,-84
2011/8/1 12:02:03,,98,,3664,-16,1808,-483,67,142,-152,-184,-84
2011/8/1 12:02:03,,98,,3664,-80,1728,-477,63,144,-152,-184,-84
2011/8/1 12:02:03,,98,,3600,16,1792,-471,58,147,-153,-182,-83
2011/8/1 12:02:03,,99,,3696,-48,1776,-473,61,153,-158,-183,-86
2011/8/1 12:02:03,,99,,3728,-64,1744,-468,70,154,-158,-183,-86
2011/8/1 12:02:03,,99,,3712,-48,1872,-461,78,148,-158,-183,-86
2011/8/1 12:02:03,,99,,3696,-48,1824,-452,82,152,-160,-183,-86
2011/8/1 12:02:03,,99,,3648,-16,1664,-449,82,148,-162,-183,-87
2011/8/1 12:02:03,,100,,3664,-16,1792,-431,93,146,-161,-184,-82
2011/8/1 12:02:03,,100,,3664,-48,1824,-424,100,150,-161,-184,-82
2011/8/1 12:02:03,,100,,3664,32,1824,-418,95,146,-164,-189,-83
2011/8/1 12:02:03,,100,,3712,16,1760,-420,90,150,-164,-180,-84
2011/8/1 12:02:03,,100,,3760,32,1776,-412,85,156,-167,-180,-87
2011/8/1 12:02:03,,101,,3792,-32,1712,-423,76,160,-167,-180,-87
2011/8/1 12:02:03,,101,,3776,240,1744,-426,79,163,-167,-180,-87
2011/8/1 12:02:03,,101,,3744,192,1696,-424,75,176,-171,-188,-82
2011/8/1 12:02:03,,101,,3824,16,1760,-433,71,176,-174,-184,-84
2011/8/1 12:02:03,,101,,3760,-80,1728,-433,71,179,-174,-184,-84
2011/8/1 12:02:03,,102,,3792,-16,1856,-434,67,172,-174,-184,-84
2011/8/1 12:02:03,,102,,3760,32,1888,-432,78,179,-176,-177,-83
2011/8/1 12:02:03,,102,,3680,0,1856,-432,94,168,-181,-179,-80
2011/8/1 12:02:03,,102,,3680,64,2032,-436,104,154,-181,-179,-80
2011/8/1 12:02:03,,102,,3760,16,1968,-438,113,148,-181,-179,-80
2011/8/1 12:02:03,,103,,3744,80,1728,-442,109,139,-180,-183,-84
2011/8/1 12:02:03,,103,,3728,80,1776,-446,108,133,-188,-177,-75
2011/8/1 12:02:03,,103,,3744,32,1792,-441,109,122,-186,-180,-81
2011/8/1 12:02:03,,103,,3696,112,1680,-445,95,119,-186,-180,-81
2011/8/1 12:02:03,,103,,3664,-16,1728,-435,85,121,-187,-179,-76
2011/8/1 12:02:03,,104,,3648,-48,1760,-433,77,114,-185,-181,-80
2011/8/1 12:02:03,,104,,3776,-48,1792,-432,72,104,-191,-179,-82
2011/8/1 12:02:03,,104,,3664,-256,1760,-434,85,104,-191,-179,-82
2011/8/1 12:02:03,,104,,3712,16,1728,-436,93,109,-191,-179,-82
2011/8/1 12:02:03,,104,,3712,0,1760,-438,96,106,-193,-178,-79
2011/8/1 12:02:03,,105,,3616,-80,1760,-445,104,97,-198,-181,-80
2011/8/1 12:02:03,,105,,3616,16,1664,-453,107,101,-198,-181,-80
2011/8/1 12:02:03,,105,,3664,-64,1744,-452,102,101,-198,-181,-80
2011/8/1 12:02:03,,105,,3680,-48,1744,-457,99,99,-196,-179,-76
2011/8/1 12:02:03,,105,,3712,-160,1776,-464,93,111,-196,-177,-76
2011/8/1 12:02:03,,106,,3728,-48,1824,-465,79,112,-196,-177,-76
2011/8/1 12:02:03,,106,,3600,-96,1712,-460,82,115,-196,-177,-76
2011/8/1 12:02:03,,106,,3728,-96,1712,-467,72,129,-204,-177,-71
2011/8/1 12:02:03,,106,,3664,-144,1776,-469,83,130,-200,-175,-71
2011/8/1 12:02:03,,106,,3632,-208,1824,-471,80,133,-204,-178,-73
2011/8/1 12:02:04,,107,,3632,-128,1776,-479,87,132,-204,-178,-73
2011/8/1 12:02:04,,107,,3728,-176,1792,-480,80,129,-209,-176,-76
2011/8/1 12:02:04,,107,,3648,-224,1744,-482,71,133,-204,-178,-72
2011/8/1 12:02:04,,107,,3712,-144,1728,-492,75,133,-215,-176,-78
2011/8/1 12:02:04,,107,,3664,-160,1744,-481,63,138,-215,-176,-78
2011/8/1 12:02:04,,108,,3712,-144,1728,-490,58,140,-215,-176,-78
2011/8/1 12:02:04,,108,,3744,-112,1840,-491,57,146,-214,-171,-68
2011/8/1 12:02:04,,108,,3728,-144,1824,-497,57,150,-215,-174,-69
2011/8/1 12:02:04,,108,,3696,-176,1632,-501,60,151,-215,-174,-69
2011/8/1 12:02:04,,108,,3728,-176,1808,-503,68,162,-215,-174,-69
2011/8/1 12:02:04,,109,,3760,-176,1744,-505,66,159,-218,-174,-64
2011/8/1 12:02:04,,109,,3760,-144,1744,-502,71,170,-218,-174,-67
2011/8/1 12:02:04,,109,,3648,-112,1840,-503,72,169,-218,-174,-67
2011/8/1 12:02:04,,109,,3728,-160,1920,-501,67,170,-218,-174,-67
2011/8/1 12:02:04,,109,,3696,-208,1760,-499,72,171,-216,-171,-69
2011/8/1 12:02:04,,110,,3632,-160,1808,-495,72,170,-227,-168,-63
2011/8/1 12:02:04,,110,,3680,-160,1888,-496,77,165,-226,-171,-55
2011/8/1 12:02:04,,110,,3648,-176,1872,-502,89,158,-226,-171,-55
2011/8/1 12:02:04,,110,,3664,-240,1824,-504,90,160,-225,-173,-62
2011/8/1 12:02:04,,110,,3632,-192,1760,-507,91,154,-233,-174,-61
2011/8/1 12:02:04,,111,,3616,-208,1920,-510,92,151,-226,-171,-59
2011/8/1 12:02:04,,111,,3648,-256,1792,-518,98,142,-226,-171,-59
2011/8/1 12:02:04,,111,,3664,-272,1792,-522,102,139,-231,-166,-57
2011/8/1 12:02:04,,111,,3696,-304,1856,-534,113,137,-229,-172,-56
2011/8/1 12:02:04,,111,,3632,-224,1744,-534,110,133,-233,-165,-54
2011/8/1 12:02:04,,112,,3600,-272,1856,-530,95,125,-233,-165,-54
2011/8/1 12:02:04,,112,,3616,-224,1776,-534,85,121,-233,-165,-54
2011/8/1 12:02:04,,112,,3648,-192,1760,-520,69,126,-239,-167,-49
2011/8/1 12:02:04,,112,,3728,-256,1696,-514,48,120,-236,-171,-51
2011/8/1 12:02:04,,112,,3648,-272,1760,-514,36,113,-236,-171,-51
2011/8/1 12:02:04,,113,,3728,-16,1728,-522,20,113,-236,-171,-51
2011/8/1 12:02:04,,113,,3712,-256,1744,-527,18,105,-244,-169,-49
2011/8/1 12:02:04,,113,,3696,-336,1840,-532,24,98,-239,-173,-51
2011/8/1 12:02:04,,113,,3712,-224,1808,-550,26,91,-247,-165,-54
2011/8/1 12:02:04,,113,,3792,-256,1712,-563,36,91,-247,-165,-54
2011/8/1 12:02:04,,114,,3680,-224,1744,-576,36,90,-248,-163,-46
2011/8/1 12:02:04,,114,,3744,-304,1664,-589,38,95,-240,-164,-47
2011/8/1 12:02:04,,114,,3776,-224,1536,-584,22,98,-249,-170,-45
2011/8/1 12:02:04,,114,,3776,-256,1712,-597,25,101,-249,-170,-45
2011/8/1 12:02:04,,114,,3744,-256,1840,-599,18,111,-249,-165,-45
2011/8/1 12:02:04,,115,,3776,-240,1840,-597,14,107,-255,-167,-39
2011/8/1 12:02:04,,115,,3744,-240,1952,-600,15,118,-247,-165,-45
2011/8/1 12:02:04,,115,,3728,-256,1968,-602,14,115,-247,-165,-45
2011/8/1 12:02:04,,115,,3712,-208,2032,-600,23,123,-247,-165,-45
2011/8/1 12:02:04,,115,,3712,-208,2016,-607,34,121,-256,-162,-33
2011/8/1 12:02:04,,116,,3712,-224,1920,-599,43,132,-252,-163,-41
2011/8/1 12:02:04,,116,,3648,-224,1952,-597,46,142,-252,-163,-41
2011/8/1 12:02:04,,116,,3664,-208,1904,-582,44,142,-252,-163,-41
2011/8/1 12:02:04,,116,,3728,-160,1952,-568,42,151,-261,-158,-33
2011/8/1 12:02:04,,116,,3648,-224,1888,-561,37,161,-250,-160,-25
2011/8/1 12:02:04,,117,,3680,-208,2016,-558,38,167,-259,-162,-32
2011/8/1 12:02:04,,117,,3632,-160,1968,-552,54,172,-259,-162,-32
2011/8/1 12:02:04,,117,,3680,-176,1952,-549,59,174,-257,-160,-26
2011/8/1 12:02:04,,117,,3648,-48,1936,-551,62,182,-257,-158,-29
2011/8/1 12:02:04,,117,,3600,-144,1920,-544,68,183,-264,-160,-29
2011/8/1 12:02:04,,118,,3632,-144,1920,-539,63,189,-264,-160,-29
2011/8/1 12:02:04,,118,,3680,-64,1808,-533,66,184,-264,-155,-27
2011/8/1 12:02:04,,118,,3600,-32,1792,-523,69,186,-264,-155,-27
2011/8/1 12:02:04,,118,,3696,-176,1856,-513,68,182,-266,-155,-24
2011/8/1 12:02:04,,118,,3744,-64,1856,-515,70,178,-266,-155,-24
2011/8/1 12:02:04,,119,,3584,-256,1952,-508,71,175,-266,-155,-24
2011/8/1 12:02:04,,119,,3632,-112,1968,-500,85,169,-271,-155,-20
2011/8/1 12:02:04,,119,,3632,-80,1872,-504,93,157,-267,-148,-19
2011/8/1 12:02:04,,119,,3648,-32,1936,-500,106,147,-267,-148,-19
2011/8/1 12:02:04,,119,,3584,-96,1808,-494,110,141,-267,-148,-19
2011/8/1 12:02:04,,120,,3648,0,1856,-495,108,138,-271,-154,-17
2011/8/1 12:02:04,,120,,3600,0,1600,-496,98,131,-272,-159,-15
2011/8/1 12:02:04,,120,,3600,-80,1840,-488,75,125,-273,-155,-16
2011/8/1 12:02:04,,120,,3648,-112,1840,-490,68,124,-273,-155,-16
2011/8/1 12:02:04,,120,,3712,-144,1808,-487,55,115,-276,-147,-13
2011/8/1 12:02:04,,121,,3632,-96,1888,-488,53,117,-278,-153,-18
2011/8/1 12:02:04,,121,,3680,-80,2032,-491,66,97,-275,-146,-8
2011/8/1 12:02:04,,121,,3744,-144,1936,-498,68,98,-275,-146,-8
2011/8/1 12:02:04,,121,,3664,-112,2032,-500,81,80,-275,-150,-9
2011/8/1 12:02:04,,121,,3664,-160,1904,-502,80,77,-275,-147,-5
2011/8/1 12:02:04,,122,,3648,-128,1920,-507,79,69,-275,-151,-1
2011/8/1 12:02:04,,122,,3680,-160,1840,-503,83,69,-275,-151,-1
2011/8/1 12:02:04,,122,,3712,-176,1776,-504,76,69,-275,-151,-1
2011/8/1 12:02:04,,122,,3696,-208,1856,-504,74,66,-271,-150,-5
2011/8/1 12:02:04,,122,,3728,-208,1776,-497,83,72,-280,-151,-8
2011/8/1 12:02:04,,123,,3664,-208,1712,-501,87,70,-280,-151,-8
2011/8/1 12:02:04,,123,,3728,-240,1888,-506,86,71,-280,-151,-8
2011/8/1 12:02:04,,123,,3680,-192,1824,-499,78,79,-278,-147,1
2011/8/1 12:02:04,,123,,3744,-160,1824,-497,56,90,-282,-146,2
2011/8/1 12:02:04,,123,,3696,-192,1856,-492,47,99,-282,-146,2
2011/8/1 12:02:04,,124,,3744,-224,1888,-483,43,103,-282,-146,2
2011/8/1 12:02:04,,124,,3728,-176,1904,-476,48,106,-282,-146,8
2011/8/1 12:02:04,,124,,3680,-176,2016,-472,56,104,-280,-148,5
2011/8/1 12:02:04,,124,,3712,-240,1904,-471,58,109,-282,-147,7
2011/8/1 12:02:04,,124,,3696,-176,1952,-471,72,106,-282,-147,7
2011/8/1 12:02:04,,125,,3712,-240,1952,-460,75,111,-285,-143,6
2011/8/1 12:02:04,,125,,3664,-160,1904,-456,77,113,-283,-143,5
2011/8/1 12:02:04,,125,,3680,-176,1968,-454,84,115,-288,-137,6
2011/8/1 12:02:04,,125,,3632,-144,1840,-442,73,119,-288,-137,6
2011/8/1 12:02:04,,125,,3776,-192,1872,-437,71,125,-288,-137,6
2011/8/1 12:02:04,,126,,3728,-96,1936,-433,57,130,-287,-141,13
2011/8/1 12:02:04,,126,,3712,-176,1984,-418,74,139,-282,-143,13
2011/8/1 12:02:04,,126,,3712,-112,1936,-424,84,137,-282,-143,13
2011/8/1 12:02:04,,126,,3728,-64,1904,-412,98,138,-282,-143,13
2011/8/1 12:02:04,,126,,3696,-112,1920,-407,110,135,-287,-136,17
2011/8/1 12:02:05,,127,,3648,-48,1952,-401,125,133,-296,-135,19
2011/8/1 12:02:05,,127,,3728,-144,1936,-398,133,132,-296,-135,19
2011/8/1 12:02:05,,127,,3760,-64,1936,-383,143,132,-296,-135,19
2011/8/1 12:02:05,,127,,3744,-64,1840,-375,158,130,-287,-135,22
2011/8/1 12:02:05,,127,,3616,-32,1840,-365,161,138,-292,-135,18
2011/8/1 12:02:05,,128,,3808,-80,1888,-349,171,130,-286,-131,22
2011/8/1 12:02:05,,128,,3744,-64,1840,-348,171,126,-286,-131,22
2011/8/1 12:02:05,,128,,3696,-112,1840,-332,170,122,-295,-134,23
2011/8/1 12:02:05,,128,,3744,-96,1792,-329,169,114,-288,-135,23
2011/8/1 12:02:05,,128,,3760,-80,1792,-325,163,106,-289,-136,23
2011/8/1 12:02:05,,129,,3728,-64,1792,-316,157,104,-289,-136,23
2011/8/1 12:02:05,,129,,3664,-144,1872,-312,146,92,-289,-136,23
2011/8/1 12:02:05,,129,,3728,-80,1856,-315,154,86,-302,-135,23
2011/8/1 12:02:05,,129,,3728,-96,1840,-319,158,74,-296,-135,30
2011/8/1 12:02:05,,129,,3808,-160,1920,-319,164,69,-296,-135,30
2011/8/1 12:02:05,,130,,3664,-176,1856,-324,165,64,-296,-135,30
2011/8/1 12:02:05,,130,,3664,-144,1872,-336,159,58,-291,-135,24
2011/8/1 12:02:05,,130,,3632,-192,1760,-329,145,54,-297,-131,27
2011/8/1 12:02:05,,130,,3680,-176,1664,-337,145,53,-297,-131,27
2011/8/1 12:02:05,,130,,3680,-208,1776,-332,124,48,-297,-131,27
2011/8/1 12:02:05,,131,,3616,-240,1856,-338,120,43,-291,-135,27
2011/8/1 12:02:05,,131,,3664,-208,1824,-344,113,39,-295,-131,29
2011/8/1 12:02:05,,131,,3712,-240,1792,-350,111,39,-299,-130,29
2011/8/1 12:02:05,,131,,3648,-224,1776,-359,101,34,-299,-130,29
2011/8/1 12:02:05,,131,,3664,-272,1600,-364,105,31,-297,-128,33
2011/8/1 12:02:05,,132,,3664,-240,1760,-369,106,28,-298,-128,31
2011/8/1 12:02:05,,132,,3664,-192,1792,-380,100,27,-297,-133,34
2011/8/1 12:02:05,,132,,3696,-240,1728,-382,98,15,-297,-133,34
2011/8/1 12:02:05,,132,,3616,-304,1760,-390,99,25,-297,-133,34
2011/8/1 12:02:05,,132,,3664,-224,1664,-396,91,23,-295,-125,38
2011/8/1 12:02:05,,133,,3600,-272,1616,-393,84,30,-301,-129,40
2011/8/1 12:02:05,,133,,3616,-336,1776,-400,67,40,-301,-129,40
2011/8/1 12:02:05,,133,,3408,-240,1792,-404,59,47,-301,-129,40
2011/8/1 12:02:05,,133,,3760,-16,1840,-393,40,59,-297,-126,42
2011/8/1 12:02:05,,133,,3632,-208,1792,-395,37,55,-290,-125,47
2011/8/1 12:02:05,,134,,3632,-176,1824,-383,57,57,-290,-125,47
2011/8/1 12:02:05,,134,,3616,-208,1904,-380,70,64,-290,-125,47
2011/8/1 12:02:05,,134,,3648,-112,1824,-373,90,62,-294,-122,45
2011/8/1 12:02:05,,134,,3648,-128,1824,-352,99,63,-300,-125,40
2011/8/1 12:02:05,,134,,3680,-112,1776,-343,108,66,-293,-127,45
2011/8/1 12:02:05,,135,,3664,-112,1840,-327,105,64,-293,-127,45
2011/8/1 12:02:05,,135,,3680,-160,1712,-316,97,67,-297,-124,46
2011/8/1 12:02:05,,135,,3760,-112,1728,-307,80,70,-296,-118,56
2011/8/1 12:02:05,,135,,3664,-176,1728,-304,71,77,-292,-124,46
2011/8/1 12:02:05,,135,,3728,-64,1728,-296,70,72,-292,-124,46
2011/8/1 12:02:05,,136,,3712,-48,1840,-302,60,66,-292,-124,46
2011/8/1 12:02:05,,136,,3712,-144,1792,-305,81,65,-299,-121,43
2011/8/1 12:02:05,,136,,3744,-80,1808,-308,86,63,-295,-119,46
2011/8/1 12:02:05,,136,,3776,-80,1824,-323,82,71,-295,-119,46
2011/8/1 12:02:05,,136,,3712,-160,1696,-329,81,63,-295,-119,46
2011/8/1 12:02:05,,137,,3728,-144,1728,-336,80,74,-302,-119,49
2011/8/1 12:02:05,,137,,3728,-128,1856,-331,74,78,-302,-122,56
2011/8/1 12:02:05,,137,,3728,-80,1808,-331,80,82,-302,-122,56
2011/8/1 12:02:05,,137,,3744,-128,2016,-331,85,73,-302,-122,56
2011/8/1 12:02:05,,137,,3712,-144,1808,-329,96,75,-303,-119,58
2011/8/1 12:02:05,,138,,3760,-160,1568,-330,107,78,-296,-121,58
2011/8/1 12:02:05,,138,,3696,-80,1840,-326,111,81,-297,-116,57
2011/8/1 12:02:05,,138,,3712,-160,1808,-319,108,84,-297,-116,57
2011/8/1 12:02:05,,138,,3712,-160,1808,-321,117,78,-298,-114,52
2011/8/1 12:02:05,,138,,3696,-176,1744,-321,111,79,-298,-116,59
2011/8/1 12:02:05,,139,,3680,-208,1792,-325,108,78,-304,-116,64
2011/8/1 12:02:05,,139,,3696,-128,1680,-325,99,79,-304,-116,64
2011/8/1 12:02:05,,139,,3696,-160,1744,-339,81,71,-304,-116,64
2011/8/1 12:02:05,,139,,3664,-160,1696,-337,66,76,-300,-113,63
2011/8/1 12:02:05,,139,,3744,-80,1744,-346,56,75,-301,-114,59
2011/8/1 12:02:05,,140,,3632,-80,1808,-353,50,80,-301,-114,59
2011/8/1 12:02:05,,140,,3696,-80,1728,-360,51,77,-301,-114,59
2011/8/1 12:02:05,,140,,3680,-80,1808,-366,56,72,-294,-113,61
2011/8/1 12:02:05,,140,,3744,-144,2000,-365,72,66,-302,-112,66
2011/8/1 12:02:05,,140,,3760,-48,1856,-369,76,68,-302,-112,66
2011/8/1 12:02:05,,141,,3696,-144,1792,-377,89,66,-302,-112,66
2011/8/1 12:02:05,,141,,3760,-96,1792,-370,94,66,-302,-110,76
2011/8/1 12:02:05,,141,,3664,-80,1792,-364,100,69,-300,-114,72
2011/8/1 12:02:05,,141,,3744,-112,1792,-354,96,72,-307,-111,70
2011/8/1 12:02:05,,141,,3680,-48,1856,-349,92,71,-307,-111,70
2011/8/1 12:02:05,,142,,3696,-32,1776,-337,83,73,-296,-109,68
2011/8/1 12:02:05,,142,,3792,-144,1792,-336,81,75,-304,-111,73
2011/8/1 12:02:05,,142,,3696,-112,1744,-331,77,75,-304,-112,70
2011/8/1 12:02:05,,142,,3760,-48,1824,-330,79,73,-304,-112,70
2011/8/1 12:02:05,,142,,3760,-144,1664,-333,86,87,-304,-112,70
2011/8/1 12:02:05,,143,,3744,-64,1760,-334,84,90,-303,-106,76
2011/8/1 12:02:05,,143,,3760,-176,1760,-338,87,88,-302,-109,72
2011/8/1 12:02:05,,143,,3792,-112,1584,-342,89,103,-302,-109,72
2011/8/1 12:02:05,,143,,3744,-112,1680,-349,98,114,-302,-109,72
2011/8/1 12:02:05,,143,,3728,-112,1712,-344,94,112,-303,-106,81
2011/8/1 12:02:05,,144,,3728,-128,1792,-347,87,112,-308,-105,82
2011/8/1 12:02:05,,144,,3744,-144,1792,-345,83,113,-308,-105,82
2011/8/1 12:02:05,,144,,3696,-144,1744,-345,86,113,-308,-105,82
2011/8/1 12:02:05,,144,,3696,-144,1728,-347,87,115,-303,-103,80
2011/8/1 12:02:05,,144,,3664,-112,1696,-350,89,103,-305,-104,83
2011/8/1 12:02:05,,145,,3712,-32,1792,-353,98,108,-309,-107,87
2011/8/1 12:02:05,,145,,3696,192,1760,-355,100,98,-309,-107,87
2011/8/1 12:02:05,,145,,3648,-64,1808,-347,114,90,-306,-100,84
2011/8/1 12:02:05,,145,,3680,-80,1760,-352,118,84,-301,-102,86
2011/8/1 12:02:05,,145,,3744,-144,1776,-349,121,77,-303,-100,86
2011/8/1 12:02:05,,146,,3664,-192,1728,-347,114,72,-303,-100,86
2011/8/1 12:02:05,,146,,3664,-144,1776,-346,100,64,-303,-100,86
2011/8/1 12:02:05,,146,,3648,-48,1728,-344,97,73,-302,-96,87
2011/8/1 12:02:05,,146,,3792,-128,1728,-340,88,77,-310,-100,85
2011/8/1 12:02:05,,146,,3760,-80,1664,-347,84,79,-310,-100,85
2011/8/1 12:02:06,,147,,3728,-48,1696,-346,89,77,-310,-100,85
2011/8/1 12:02:06,,147,,3680,-96,1808,-345,104,80,-301,-93,95
2011/8/1 12:02:06,,147,,3776,-144,1792,-350,119,77,-301,-99,88
2011/8/1 12:02:06,,147,,3728,-112,1776,-352,126,77,-301,-99,88
2011/8/1 12:02:06,,147,,3728,-96,1712,-349,133,83,-301,-99,88
2011/8/1 12:02:06,,148,,3728,-16,1680,-346,123,86,-304,-102,93
2011/8/1 12:02:06,,148,,3728,-128,1568,-334,106,89,-305,-98,94
2011/8/1 12:02:06,,148,,3696,-80,1728,-338,101,97,-296,-101,95
2011/8/1 12:02:06,,148,,3712,-160,1696,-333,92,96,-296,-101,95
2011/8/1 12:02:06,,148,,3744,-128,1680,-335,88,88,-299,-95,94
2011/8/1 12:02:06,,149,,3744,-112,1632,-346,96,89,-299,-94,99
2011/8/1 12:02:06,,149,,3840,-80,1776,-347,90,88,-304,-98,97
2011/8/1 12:02:06,,149,,3776,-176,1728,-359,99,87,-304,-98,97
2011/8/1 12:02:06,,149,,3824,-96,1728,-368,104,86,-297,-95,100
2011/8/1 12:02:06,,149,,3792,-96,1776,-358,113,85,-301,-90,96
2011/8/1 12:02:06,,150,,3840,-112,1744,-363,119,77,-293,-93,103
2011/8/1 12:02:06,,150,,3792,-80,1728,-363,134,81,-293,-93,103
2011/8/1 12:02:06,,150,,3776,-80,1664,-360,130,74,-293,-93,103
2011/8/1 12:02:06,,150,,3792,-64,1680,-346,129,77,-296,-91,93
2011/8/1 12:02:06,,150,,3760,-112,1696,-346,134,74,-300,-90,102
2011/8/1 12:02:06,,151,,3696,-144,1728,-345,122,80,-300,-90,102
2011/8/1 12:02:06,,151,,3696,-32,1664,-335,120,80,-300,-90,102
2011/8/1 12:02:06,,151,,3776,-112,1696,-342,125,81,-297,-96,100
2011/8/1 12:02:06,,151,,3712,32,1680,-338,132,80,-302,-96,107
2011/8/1 12:02:06,,151,,3696,-64,1616,-340,137,81,-296,-92,108
2011/8/1 12:02:06,,152,,3792,0,1680,-338,144,79,-296,-92,108
2011/8/1 12:02:06,,152,,3664,-32,1616,-342,142,79,-301,-89,108
2011/8/1 12:02:06,,152,,3680,48,1664,-334,132,83,-296,-90,102
2011/8/1 12:02:06,,152,,3696,48,1664,-326,130,79,-304,-90,110
2011/8/1 12:02:06,,152,,3744,64,1680,-325,120,75,-304,-90,110
2011/8/1 12:02:06,,153,,3760,-32,1632,-321,113,78,-297,-94,111
2011/8/1 12:02:06,,153,,3664,-80,1696,-329,110,75,-303,-91,109
2011/8/1 12:02:06,,153,,3696,16,1728,-329,108,64,-297,-90,110
2011/8/1 12:02:06,,153,,3712,-48,1632,-325,103,53,-297,-90,110
2011/8/1 12:02:06,,153,,3728,16,1584,-337,94,51,-297,-90,110
2011/8/1 12:02:06,,154,,3728,240,1616,-342,80,46,-296,-88,119
2011/8/1 12:02:06,,154,,3728,-256,1696,-353,56,43,-297,-89,109
2011/8/1 12:02:06,,154,,3776,-80,1584,-353,46,43,-297,-89,109
2011/8/1 12:02:06,,154,,3792,-16,1728,-359,36,44,-297,-89,109
2011/8/1 12:02:06,,154,,3856,-64,1664,-370,22,39,-291,-88,118
2011/8/1 12:02:06,,155,,3792,-144,1712,-373,34,42,-299,-91,118
2011/8/1 12:02:06,,155,,3744,-144,1664,-389,31,40,-299,-91,118
2011/8/1 12:02:06,,155,,3840,-144,1664,-396,45,31,-299,-91,118
2011/8/1 12:02:06,,155,,3808,-128,1680,-400,47,29,-296,-82,123
2011/8/1 12:02:06,,155,,3792,-48,1696,-406,52,40,-291,-87,128
2011/8/1 12:02:06,,156,,3856,-64,1696,-406,56,36,-289,-86,125
2011/8/1 12:02:06,,156,,3872,-144,1744,-406,53,42,-289,-86,125
2011/8/1 12:02:06,,156,,3792,-64,1728,-410,52,42,-297,-82,124
2011/8/1 12:02:06,,156,,3856,-144,1664,-413,65,40,-293,-79,132
2011/8/1 12:02:06,,156,,3600,-176,1808,-420,67,42,-287,-80,129
2011/8/1 12:02:06,,157,,3776,-176,1664,-432,76,42,-287,-80,129
2011/8/1 12:02:06,,157,,3840,-144,1616,-446,77,43,-287,-80,129
2011/8/1 12:02:06,,157,,3824,-176,1728,-459,75,57,-291,-84,135
2011/8/1 12:02:06,,157,,3792,-208,1664,-465,72,62,-285,-80,132
2011/8/1 12:02:06,,157,,3792,-96,1600,-469,63,79,-285,-80,132
2011/8/1 12:02:06,,158,,3840,-192,1568,-473,59,94,-285,-80,132
2011/8/1 12:02:06,,158,,3840,-144,1648,-482,54,98,-291,-79,135
2011/8/1 12:02:06,,158,,3792,-192,1600,-485,64,108,-292,-76,136
2011/8/1 12:02:06,,158,,3776,-112,1536,-496,79,111,-292,-76,136
2011/8/1 12:02:06,,158,,3792,-176,1664,-502,92,122,-292,-76,136
2011/8/1 12:02:06,,159,,3856,-192,1552,-507,107,134,-290,-78,136
2011/8/1 12:02:06,,159,,3760,-144,1664,-503,119,140,-288,-80,134
2011/8/1 12:02:06,,159,,3824,-144,1696,-509,121,149,-287,-75,136
2011/8/1 12:02:06,,159,,3872,-160,1600,-506,115,162,-287,-75,136
2011/8/1 12:02:06,,159,,3584,-176,1696,-494,109,170,-287,-72,137
2011/8/1 12:02:06,,160,,4064,-96,1712,-490,104,183,-280,-72,136
2011/8/1 12:02:06,,160,,3696,96,1744,-492,115,184,-283,-74,140
2011/8/1 12:02:06,,160,,3696,-96,1744,-491,110,189,-283,-74,140
2011/8/1 12:02:06,,160,,3712,-144,1728,-498,122,181,-283,-74,140
2011/8/1 12:02:06,,160,,3808,-144,1664,-498,121,187,-284,-71,151
2011/8/1 12:02:06,,161,,3680,-96,1728,-506,131,188,-285,-77,150
2011/8/1 12:02:06,,161,,3760,-64,1696,-510,129,185,-285,-77,150
2011/8/1 12:02:06,,161,,3744,-64,1696,-513,127,190,-285,-77,150
2011/8/1 12:02:06,,161,,3792,-32,1616,-514,121,183,-285,-74,150
2011/8/1 12:02:06,,161,,3712,-64,1648,-525,115,182,-279,-67,150
2011/8/1 12:02:06,,162,,3664,-112,1536,-527,98,184,-279,-67,150
2011/8/1 12:02:06,,162,,3792,0,1600,-535,90,174,-279,-67,150
2011/8/1 12:02:06,,162,,3744,-48,1600,-545,82,169,-274,-69,154
2011/8/1 12:02:06,,162,,3776,-32,1616,-546,70,163,-280,-73,157
2011/8/1 12:02:06,,162,,3808,-80,1584,-556,69,163,-277,-71,153
2011/8/1 12:02:06,,163,,3760,-240,1632,-562,57,155,-277,-71,153
2011/8/1 12:02:06,,163,,3728,16,1728,-564,55,153,-271,-68,156
2011/8/1 12:02:06,,163,,3776,48,1664,-572,65,145,-274,-75,160
2011/8/1 12:02:06,,163,,3744,-16,1600,-569,75,141,-275,-66,159
2011/8/1 12:02:06,,163,,3824,0,1648,-574,83,139,-275,-66,159
2011/8/1 12:02:06,,164,,3760,16,1600,-580,87,141,-275,-66,159
2011/8/1 12:02:06,,164,,3728,-64,1536,-568,83,139,-270,-61,161
2011/8/1 12:02:06,,164,,3792,-48,1600,-577,71,149,-270,-67,155
2011/8/1 12:02:06,,164,,3776,-96,1648,-575,58,157,-270,-67,155
2011/8/1 12:02:06,,164,,3696,-96,1632,-574,53,158,-270,-67,155
2011/8/1 12:02:06,,165,,3696,-48,1696,-570,47,166,-269,-67,165
2011/8/1 12:02:06,,165,,3808,-48,1792,-574,47,161,-268,-60,170
2011/8/1 12:02:06,,165,,3744,32,1760,-565,56,164,-268,-60,170
2011/8/1 12:02:06,,165,,3776,-16,1744,-565,65,168,-268,-60,170
2011/8/1 12:02:06,,165,,3760,32,1664,-556,71,178,-271,-62,171
2011/8/1 12:02:06,,166,,3728,-256,1728,-551,77,170,-266,-65,175
2011/8/1 12:02:06,,166,,3792,-64,1744,-547,86,175,-263,-66,175
2011/8/1 12:02:06,,166,,3760,-80,1680,-547,84,177,-263,-66,175
2011/8/1 12:02:06,,166,,3696,32,1776,-549,96,176,-267,-53,175
2011/8/1 12:02:06,,166,,3728,48,1664,-543,97,179,-266,-54,175
2011/8/1 12:02:07,,167,,3744,0,1664,-555,91,174,-260,-61,178
2011/8/1 12:02:07,,167,,3776,32,1568,-557,83,179,-260,-61,178
2011/8/1 12:02:07,,167,,3776,-32,1616,-553,84,189,-260,-61,178
2011/8/1 12:02:07,,167,,3776,-48,1728,-549,81,178,-260,-56,178
2011/8/1 12:02:07,,167,,3680,32,1696,-554,83,181,-261,-59,183
2011/8/1 12:02:07,,168,,3728,-16,1584,-557,88,177,-261,-59,183
2011/8/1 12:02:07,,168,,3792,48,1680,-563,102,176,-261,-59,183
2011/8/1 12:02:07,,168,,3680,48,1728,-561,109,167,-267,-53,183
2011/8/1 12:02:07,,168,,3744,16,1600,-569,121,165,-252,-50,183
2011/8/1 12:02:07,,168,,3680,80,1600,-570,119,163,-252,-50,183
2011/8/1 12:02:07,,169,,3680,80,1680,-571,117,176,-252,-50,183
2011/8/1 12:02:07,,169,,3744,80,1552,-575,115,173,-250,-52,187
2011/8/1 12:02:07,,169,,3712,64,1680,-570,111,172,-249,-54,185
2011/8/1 12:02:07,,169,,3744,16,1600,-570,109,173,-246,-52,190
2011/8/1 12:02:07,,169,,3760,16,1680,-578,112,175,-246,-52,190
2011/8/1 12:02:07,,170,,3680,32,1664,-586,118,173,-247,-52,194
2011/8/1 12:02:07,,170,,3824,48,1568,-585,120,172,-250,-53,190
2011/8/1 12:02:07,,170,,3696,48,1664,-587,121,174,-243,-49,192
2011/8/1 12:02:07,,170,,3760,96,1552,-591,124,165,-243,-49,192
2011/8/1 12:02:07,,170,,3696,48,1680,-600,122,166,-243,-49,192
2011/8/1 12:02:07,,171,,3760,64,1632,-588,127,162,-238,-54,198
2011/8/1 12:02:07,,171,,3808,32,1664,-600,131,163,-245,-49,195
2011/8/1 12:02:07,,171,,3776,-80,1632,-603,136,156,-245,-49,195
2011/8/1 12:02:07,,171,,3728,0,1600,-599,136,161,-245,-49,195
2011/8/1 12:02:07,,171,,3728,160,1536,-597,113,165,-239,-51,201
2011/8/1 12:02:07,,172,,3760,-48,1616,-597,106,166,-237,-49,198
2011/8/1 12:02:07,,172,,3680,64,1456,-591,82,173,-237,-49,198
2011/8/1 12:02:07,,172,,3712,16,1552,-588,64,176,-237,-49,198
2011/8/1 12:02:07,,172,,3712,-16,1664,-583,59,170,-232,-48,201
2011/8/1 12:02:07,,172,,3680,96,1664,-580,65,178,-232,-52,200
2011/8/1 12:02:07,,173,,3728,112,1600,-573,64,167,-231,-52,203
2011/8/1 12:02:07,,173,,3680,64,1648,-564,75,166,-231,-52,203
2011/8/1 12:02:07,,173,,3584,160,1632,-559,69,161,-223,-43,204
2011/8/1 12:02:07,,173,,3712,96,1728,-549,57,161,-223,-44,204
2011/8/1 12:02:07,,173,,3632,128,1728,-546,65,160,-229,-48,203
2011/8/1 12:02:07,,174,,3680,160,1680,-542,66,164,-229,-48,203
2011/8/1 12:02:07,,174,,3696,176,1664,-537,67,161,-229,-48,203
2011/8/1 12:02:07,,174,,3744,192,1664,-532,68,158,-220,-48,206
2011/8/1 12:02:07,,174,,3728,160,1664,-527,70,157,-223,-45,206
2011/8/1 12:02:07,,174,,3680,144,1648,-531,71,143,-223,-45,206
2011/8/1 12:02:07,,175,,3744,144,1664,-531,71,142,-223,-45,206
2011/8/1 12:02:07,,175,,3664,144,1616,-530,81,141,-219,-49,213
2011/8/1 12:02:07,,175,,3664,160,1680,-529,66,142,-217,-47,210
2011/8/1 12:02:07,,175,,3792,128,1552,-507,60,145,-217,-47,210
2011/8/1 12:02:07,,175,,3696,112,1664,-498,42,147,-217,-47,210
2011/8/1 12:02:07,,176,,3760,96,1600,-475,31,147,-220,-41,214
2011/8/1 12:02:07,,176,,3776,96,1664,-465,15,140,-215,-39,210
2011/8/1 12:02:07,,176,,3760,80,1648,-460,17,135,-217,-38,218
2011/8/1 12:02:07,,176,,3760,-32,1728,-457,16,129,-217,-38,218
2011/8/1 12:02:07,,176,,3744,-48,1792,-462,26,121,-213,-43,211
2011/8/1 12:02:07,,177,,3760,0,1776,-463,38,114,-210,-40,215
2011/8/1 12:02:07,,177,,3792,-48,1792,-464,39,109,-210,-39,217
2011/8/1 12:02:07,,177,,3600,-112,1872,-469,47,111,-210,-39,217
2011/8/1 12:02:07,,177,,3600,-48,1840,-479,64,112,-206,-38,217
2011/8/1 12:02:07,,177,,3872,-48,1872,-483,79,103,-205,-34,217
2011/8/1 12:02:07,,178,,3808,-80,1760,-489,90,92,-201,-39,212
2011/8/1 12:02:07,,178,,3728,-176,1744,-486,98,93,-201,-39,212
2011/8/1 12:02:07,,178,,3792,-192,1792,-486,114,93,-201,-39,212
2011/8/1 12:02:07,,178,,3824,-176,1664,-486,106,83,-202,-40,215
2011/8/1 12:02:07,,178,,3776,-144,1744,-490,111,91,-199,-36,223
2011/8/1 12:02:07,,179,,3824,-96,1936,-496,103,86,-199,-36,223
2011/8/1 12:02:07,,179,,3712,-144,1744,-493,108,92,-199,-36,223
2011/8/1 12:02:07,,179,,3792,-160,1792,-491,97,97,-201,-35,222
2011/8/1 12:02:07,,179,,3760,-160,1744,-492,97,107,-194,-36,219
2011/8/1 12:02:07,,179,,3728,-96,1760,-497,89,112,-195,-33,223
2011/8/1 12:02:07,,180,,3776,-112,1712,-489,84,110,-195,-33,223
2011/8/1 12:02:07,,180,,3712,-96,1696,-494,84,113,-197,-37,221
2011/8/1 12:02:07,,180,,3728,-64,1712,-496,81,106,-190,-35,218
2011/8/1 12:02:07,,180,,3648,-16,1712,-485,80,111,-191,-37,224
2011/8/1 12:02:07,,180,,3680,-16,1792,-489,84,109,-191,-37,224
2011/8/1 12:02:07,,181,,3728,-80,1680,-493,90,110,-189,-39,219
2011/8/1 12:02:07,,181,,3632,-112,1696,-484,90,113,-188,-42,221
2011/8/1 12:02:07,,181,,3616,-128,1760,-486,92,113,-186,-38,225
2011/8/1 12:02:07,,181,,3616,-80,1664,-485,84,115,-186,-38,225
2011/8/1 12:02:07,,181,,3712,-144,1680,-486,86,119,-186,-38,225
2011/8/1 12:02:07,,182,,3728,-80,1664,-488,80,120,-184,-39,224
2011/8/1 12:02:07,,182,,3696,-80,1632,-486,76,124,-183,-35,228
2011/8/1 12:02:07,,182,,3712,-80,1632,-488,63,123,-183,-35,228
2011/8/1 12:02:07,,182,,3632,-32,1600,-493,46,130,-183,-35,228
2011/8/1 12:02:07,,182,,3696,-144,1696,-493,39,127,-175,-40,236
2011/8/1 12:02:07,,183,,3744,-80,1600,-495,32,129,-181,-35,225
2011/8/1 12:02:07,,183,,3664,-144,1664,-497,34,142,-179,-33,230
2011/8/1 12:02:07,,183,,3680,-80,1600,-494,37,139,-179,-33,230
2011/8/1 12:02:07,,183,,3680,-64,1760,-494,43,145,-171,-35,227
2011/8/1 12:02:07,,183,,3776,-64,1712,-493,48,143,-175,-27,233
2011/8/1 12:02:07,,184,,3776,-48,1664,-503,59,140,-170,-28,225
2011/8/1 12:02:07,,184,,3760,-80,1616,-503,58,129,-170,-28,225
2011/8/1 12:02:07,,184,,3760,-16,1744,-508,58,126,-172,-29,233
2011/8/1 12:02:07,,184,,3744,-32,1760,-506,58,118,-167,-34,228
2011/8/1 12:02:07,,184,,3728,-32,1728,-504,63,113,-166,-29,234
2011/8/1 12:02:07,,185,,3728,-16,1680,-516,61,98,-166,-29,234
2011/8/1 12:02:07,,185,,3808,-144,1728,-512,64,98,-166,-29,234
2011/8/1 12:02:07,,185,,3712,-112,1824,-517,74,85,-163,-35,233
2011/8/1 12:02:07,,185,,3696,-80,1840,-515,75,85,-162,-33,239
2011/8/1 12:02:07,,185,,3728,-80,1824,-528,87,84,-162,-33,239
2011/8/1 12:02:07,,186,,3792,-80,1728,-529,84,80,-162,-33,239
2011/8/1 12:02:07,,186,,3744,-48,1760,-529,88,71,-159,-31,232
2011/8/1 12:02:07,,186,,3792,-48,1696,-532,77,72,-156,-31,233
2011/8/1 12:02:07,,186,,3776,-256,1712,-529,82,72,-153,-24,235
2011/8/1 12:02:07,,186,,3760,-80,1712,-527,73,69,-153,-24,235
2011/8/1 12:02:08,,187,,3760,-64,1824,-518,72,70,-152,-33,236
2011/8/1 12:02:08,,187,,3648,-112,1776,-516,73,67,-146,-33,235
2011/8/1 12:02:08,,187,,3664,-64,1744,-511,77,64,-143,-32,242
2011/8/1 12:02:08,,187,,3712,-80,1776,-510,79,68,-143,-32,242
2011/8/1 12:02:08,,187,,3728,-160,1536,-514,84,65,-149,-32,236
2011/8/1 12:02:08,,188,,3712,-16,1664,-508,67,81,-148,-31,231
2011/8/1 12:02:08,,188,,3680,-48,1696,-500,66,90,-138,-28,238
2011/8/1 12:02:08,,188,,3712,-64,1744,-502,44,92,-138,-28,238
2011/8/1 12:02:08,,188,,3712,-80,1728,-489,35,94,-138,-28,238
2011/8/1 12:02:08,,188,,3728,-112,1824,-477,38,96,-139,-30,246
2011/8/1 12:02:08,,189,,3744,32,1792,-467,48,91,-138,-30,239
2011/8/1 12:02:08,,189,,3760,-80,1840,-465,58,97,-138,-30,239
2011/8/1 12:02:08,,189,,3744,-64,1744,-467,56,81,-138,-30,239
2011/8/1 12:02:08,,189,,3776,-128,1696,-461,66,87,-135,-29,237
2011/8/1 12:02:08,,189,,3712,-64,1712,-452,63,93,-128,-28,240
2011/8/1 12:02:08,,190,,3760,-64,1744,-453,60,93,-128,-28,240
2011/8/1 12:02:08,,190,,3824,-64,1712,-441,60,98,-128,-28,240
2011/8/1 12:02:08,,190,,3712,-48,1744,-433,50,96,-126,-35,241
2011/8/1 12:02:08,,190,,3648,-112,1744,-424,43,92,-124,-32,239
2011/8/1 12:02:08,,190,,3792,64,1968,-414,35,90,-126,-33,243
2011/8/1 12:02:08,,191,,3744,-112,1840,-404,28,84,-126,-33,243
2011/8/1 12:02:08,,191,,3744,16,1808,-403,47,76,-117,-31,239
2011/8/1 12:02:08,,191,,3760,32,1888,-392,35,69,-119,-28,236
2011/8/1 12:02:08,,191,,3728,64,1888,-374,60,61,-121,-27,238
2011/8/1 12:02:08,,191,,3728,80,1840,-369,47,50,-121,-27,238
2011/8/1 12:02:08,,192,,3808,48,1952,-350,65,36,-121,-27,238
2011/8/1 12:02:08,,192,,3744,144,1920,-343,68,17,-120,-28,239
2011/8/1 12:02:08,,192,,3776,-208,1824,-331,89,11,-116,-22,241
2011/8/1 12:02:08,,192,,3760,64,1808,-326,96,-6,-116,-22,241
2011/8/1 12:02:08,,192,,3728,112,1840,-325,100,-18,-116,-22,241
2011/8/1 12:02:08,,193,,3664,-64,1760,-324,101,-33,-115,-24,234
2011/8/1 12:02:08,,193,,3728,-16,1712,-326,94,-28,-114,-30,241
2011/8/1 12:02:08,,193,,3696,64,1696,-327,80,-40,-114,-30,241
2011/8/1 12:02:08,,193,,3728,-96,1744,-323,73,-35,-114,-30,241
2011/8/1 12:02:08,,193,,3648,-112,1552,-320,64,-41,-112,-28,233
2011/8/1 12:02:08,,194,,3696,-160,1744,-310,57,-34,-112,-24,236
2011/8/1 12:02:08,,194,,3728,-144,1712,-308,55,-39,-108,-33,238
2011/8/1 12:02:08,,194,,3664,-160,1728,-298,58,-40,-108,-33,238
2011/8/1 12:02:08,,194,,3728,-192,1776,-289,51,-39,-104,-31,240
2011/8/1 12:02:08,,194,,3680,-176,1760,-278,59,-36,-101,-26,241
2011/8/1 12:02:08,,195,,3696,-192,1728,-270,54,-31,-104,-30,238
2011/8/1 12:02:08,,195,,3712,-128,1792,-260,66,-39,-104,-30,238
2011/8/1 12:02:08,,195,,3680,-208,1792,-251,68,-34,-104,-30,238
2011/8/1 12:02:08,,195,,3808,-208,1808,-242,81,-21,-105,-27,240
2011/8/1 12:02:08,,195,,3808,-272,1760,-238,87,-13,-100,-30,241
2011/8/1 12:02:08,,196,,3808,-256,1760,-214,79,-12,-100,-30,241
2011/8/1 12:02:08,,196,,3696,-192,1792,-215,70,-10,-100,-30,241
2011/8/1 12:02:08,,196,,3728,-144,1744,-206,55,-5,-95,-27,237
2011/8/1 12:02:08,,196,,3648,-176,1744,-203,55,-2,-95,-32,245
2011/8/1 12:02:08,,196,,3696,-160,1808,-201,47,-2,-95,-32,245
2011/8/1 12:02:08,,197,,3664,-192,1728,-196,43,-6,-95,-32,245
2011/8/1 12:02:08,,197,,3712,-144,1792,-183,41,-12,-96,-29,240
2011/8/1 12:02:08,,197,,3664,-32,1776,-189,39,-13,-97,-33,239
2011/8/1 12:02:08,,197,,3776,-32,1664,-183,42,-22,-94,-25,242
2011/8/1 12:02:08,,197,,3696,-96,1760,-185,38,-25,-94,-25,242
2011/8/1 12:02:08,,198,,3664,-144,1696,-189,49,-29,-88,-27,240
2011/8/1 12:02:08,,198,,3744,-96,1680,-189,45,-37,-93,-28,238
2011/8/1 12:02:08,,198,,3712,-112,1568,-197,26,-36,-92,-22,241
2011/8/1 12:02:08,,198,,3728,-176,1744,-196,18,-25,-92,-22,241
2011/8/1 12:02:08,,198,,3792,-64,1728,-201,6,-28,-92,-22,241
2011/8/1 12:02:08,,199,,3760,-208,1712,-201,-2,-33,-87,-23,240
2011/8/1 12:02:08,,199,,3792,-128,1824,-217,-9,-38,-88,-25,239
2011/8/1 12:02:08,,199,,3808,-160,1824,-218,-15,-32,-88,-25,239
2011/8/1 12:02:08,,199,,3744,-144,1872,-229,-1,-28,-88,-25,239
2011/8/1 12:02:08,,199,,3840,-160,1920,-220,15,-22,-92,-25,237
2011/8/1 12:02:08,,200,,3792,-80,1888,-209,35,-21,-86,-25,241
2011/8/1 12:02:08,,200,,3808,-96,1888,-196,49,-12,-86,-25,241
2011/8/1 12:02:08,,200,,3824,-112,1872,-179,68,1,-86,-25,241
2011/8/1 12:02:08,,200,,3840,-176,1856,-166,87,15,-85,-21,243
2011/8/1 12:02:08,,200,,3904,-96,1824,-129,94,28,-89,-27,244
2011/8/1 12:02:08,,201,,3824,-64,1824,-110,102,41,-84,-22,237
2011/8/1 12:02:08,,201,,3792,-256,1728,-69,109,42,-84,-22,237
2011/8/1 12:02:08,,201,,3584,112,1776,-62,121,37,-85,-30,243
2011/8/1 12:02:08,,201,,3760,32,1920,-40,138,22,-86,-27,243
2011/8/1 12:02:08,,201,,3696,80,1808,-34,144,18,-88,-25,243
2011/8/1 12:02:08,,202,,3696,80,1840,-16,158,-2,-88,-25,243
2011/8/1 12:02:08,,202,,3744,32,1792,-21,152,-8,-88,-25,243
2011/8/1 12:02:08,,202,,3776,64,1872,-27,171,-17,-86,-28,237
2011/8/1 12:02:08,,202,,3760,32,1776,-37,163,-23,-82,-25,243
2011/8/1 12:02:08,,202,,3632,16,1808,-51,170,-34,-82,-25,243
2011/8/1 12:02:08,,203,,3696,-32,1712,-64,169,-35,-82,-25,243
2011/8/1 12:02:08,,203,,3712,-48,1728,-78,161,-43,-87,-24,237
2011/8/1 12:02:08,,203,,3728,-16,1632,-97,162,-44,-87,-26,242
2011/8/1 12:02:08,,203,,3696,0,1584,-113,154,-59,-87,-26,242
2011/8/1 12:02:08,,203,,3744,-16,1680,-121,152,-55,-87,-26,242
2011/8/1 12:02:08,,204,,3680,-16,1600,-128,145,-57,-83,-25,240
2011/8/1 12:02:08,,204,,3728,-48,1600,-123,137,-57,-80,-30,236
2011/8/1 12:02:08,,204,,3632,240,1664,-121,123,-66,-82,-30,243
2011/8/1 12:02:08,,204,,3776,-32,1712,-106,117,-60,-82,-30,243
2011/8/1 12:02:08,,204,,3632,-64,1488,-90,105,-66,-84,-31,236
2011/8/1 12:02:08,,205,,3632,-32,1536,-70,93,-62,-80,-32,239
2011/8/1 12:02:08,,205,,3632,32,1552,-45,72,-56,-77,-30,239
2011/8/1 12:02:08,,205,,3696,16,1600,-20,71,-53,-77,-30,239
2011/8/1 12:02:08,,205,,3744,48,1664,-5,59,-52,-77,-30,239
2011/8/1 12:02:08,,205,,3712,64,1728,11,54,-56,-83,-29,239
2011/8/1 12:02:08,,206,,3600,48,1712,24,57,-68,-74,-25,234
2011/8/1 12:02:08,,206,,3616,32,1744,31,65,-73,-74,-25,234
2011/8/1 12:02:08,,206,,3616,-96,1728,38,62,-89,-74,-25,234
2011/8/1 12:02:08,,206,,3648,-32,1664,41,60,-91,-78,-28,236
2011/8/1 12:02:08,,206,,3616,-32,1808,39,52,-101,-82,-20,236
2011/8/1 12:02:09,,207,,3616,-112,1856,25,52,-104,-82,-20,236
2011/8/1 12:02:09,,207,,3584,-96,1776,15,38,-110,-82,-20,236
2011/8/1 12:02:09,,207,,3584,-128,1824,5,36,-103,-81,-29,232
2011/8/1 12:02:09,,207,,3632,-64,1760,-8,25,-105,-78,-32,236
2011/8/1 12:02:09,,207,,3600,-48,1728,-20,11,-92,-80,-25,241
2011/8/1 12:02:09,,208,,3648,-112,1824,-22,-4,-93,-80,-25,241
2011/8/1 12:02:09,,208,,3584,-128,1824,-45,-3,-91,-74,-25,239
2011/8/1 12:02:09,,208,,3632,-112,2000,-44,-6,-87,-79,-29,238
2011/8/1 12:02:09,,208,,3696,-96,2000,-44,-6,-91,-78,-21,238
2011/8/1 12:02:09,,208,,3632,-144,1744,-51,-12,-71,-78,-21,238
2011/8/1 12:02:09,,209,,3632,-144,1792,-52,-9,-73,-78,-21,238
2011/8/1 12:02:09,,209,,3680,-48,1728,-44,-7,-56,-80,-28,235
2011/8/1 12:02:09,,209,,3760,-16,1824,-47,-9,-60,-85,-26,237
2011/8/1 12:02:09,,209,,3696,0,1840,-35,-16,-56,-85,-26,237
2011/8/1 12:02:09,,209,,3824,0,1792,-20,-7,-61,-85,-26,237
2011/8/1 12:02:09,,210,,3776,-256,1728,-16,8,-64,-77,-19,241
2011/8/1 12:02:09,,210,,3808,208,1760,-10,11,-72,-78,-27,244
2011/8/1 12:02:09,,210,,3856,240,1856,-1,31,-68,-78,-27,244
2011/8/1 12:02:09,,210,,3824,48,1840,2,32,-70,-78,-27,244
2011/8/1 12:02:09,,210,,3840,-48,1824,14,42,-71,-83,-20,240
2011/8/1 12:02:09,,211,,3856,-16,1792,36,42,-76,-76,-22,241
2011/8/1 12:02:09,,211,,3872,-32,1744,36,45,-64,-80,-24,241
2011/8/1 12:02:09,,211,,3792,-32,1776,49,45,-60,-80,-24,241
2011/8/1 12:02:09,,211,,3792,96,1856,55,54,-65,-79,-18,237
2011/8/1 12:02:09,,211,,3824,32,1920,63,69,-59,-79,-21,240
2011/8/1 12:02:09,,212,,3792,0,1888,62,82,-66,-76,-18,241
2011/8/1 12:02:09,,212,,3808,16,1952,59,95,-67,-76,-18,241
2011/8/1 12:02:09,,212,,3696,-32,1952,58,104,-70,-79,-23,238
2011/8/1 12:02:09,,212,,3680,0,1920,53,123,-71,-86,-18,244
2011/8/1 12:02:09,,212,,3648,-16,1952,35,152,-71,-86,-15,243
2011/8/1 12:02:09,,213,,3680,32,1904,36,161,-92,-86,-15,243
2011/8/1 12:02:09,,213,,3728,48,1792,42,151,-92,-86,-15,243
2011/8/1 12:02:09,,213,,3728,-208,1664,40,135,-105,-79,-27,240
2011/8/1 12:02:09,,213,,3760,-96,1744,46,105,-110,-85,-19,239
2011/8/1 12:02:09,,213,,3760,-80,1680,49,95,-114,-85,-19,239
2011/8/1 12:02:09,,214,,3808,16,1664,48,96,-125,-85,-19,239
2011/8/1 12:02:09,,214,,3760,-48,1584,52,87,-132,-77,-21,239
2011/8/1 12:02:09,,214,,3728,-160,1648,38,81,-135,-83,-28,242
2011/8/1 12:02:09,,214,,3776,-80,1664,32,78,-138,-82,-20,241
2011/8/1 12:02:09,,214,,3728,-80,1744,22,88,-134,-82,-20,241
2011/8/1 12:02:09,,215,,3648,-48,1808,21,88,-132,-79,-23,241
2011/8/1 12:02:09,,215,,3744,-80,1664,27,78,-135,-81,-22,245
2011/8/1 12:02:09,,215,,3712,-112,1680,25,83,-128,-80,-29,240
2011/8/1 12:02:09,,215,,3744,-144,1696,35,81,-119,-80,-29,240
2011/8/1 12:02:09,,215,,3728,-160,1728,35,74,-113,-85,-18,240
2011/8/1 12:02:09,,216,,3776,-128,1648,47,71,-104,-82,-21,238
2011/8/1 12:02:09,,216,,3744,-96,1744,44,79,-90,-82,-17,238
2011/8/1 12:02:09,,216,,3616,-192,1712,52,75,-94,-82,-17,238
2011/8/1 12:02:09,,216,,3712,-192,1792,57,77,-88,-82,-17,238
2011/8/1 12:02:09,,216,,3712,-80,1856,62,87,-85,-81,-21,241
2011/8/1 12:02:09,,217,,3664,-176,1856,73,83,-84,-78,-23,242
2011/8/1 12:02:09,,217,,3664,-144,1728,80,83,-89,-78,-23,242
2011/8/1 12:02:09,,217,,3680,-208,1728,80,75,-81,-78,-23,242
2011/8/1 12:02:09,,217,,3696,-128,1664,84,66,-77,-79,-19,237
2011/8/1 12:02:09,,217,,3776,-176,1744,85,62,-71,-78,-19,241
2011/8/1 12:02:09,,218,,3696,-160,1696,81,52,-72,-78,-19,241
2011/8/1 12:02:09,,218,,3696,-64,1728,80,50,-67,-78,-19,241
2011/8/1 12:02:09,,218,,3648,-160,1792,70,54,-67,-85,-24,241
2011/8/1 12:02:09,,218,,3680,-176,1792,62,59,-65,-82,-23,240
2011/8/1 12:02:09,,218,,3696,-144,1792,57,77,-59,-86,-23,244
2011/8/1 12:02:09,,219,,3696,-144,1776,52,76,-65,-86,-23,244
2011/8/1 12:02:09,,219,,3712,-176,1760,48,80,-68,-80,-19,247
2011/8/1 12:02:09,,219,,3728,-144,1792,44,73,-68,-82,-26,239
2011/8/1 12:02:09,,219,,3696,-96,1888,38,78,-66,-80,-27,241
2011/8/1 12:02:09,,219,,3712,-96,1776,36,76,-64,-80,-27,241
2011/8/1 12:02:09,,220,,3664,-160,1712,34,75,-73,-80,-27,241
2011/8/1 12:02:09,,220,,3728,-16,1536,34,80,-80,-86,-20,237
2011/8/1 12:02:09,,220,,3760,-96,1792,32,63,-82,-83,-22,247
2011/8/1 12:02:09,,220,,3728,-32,1696,35,64,-75,-83,-22,247
2011/8/1 12:02:09,,220,,3744,-112,1744,38,68,-85,-83,-22,247
2011/8/1 12:02:09,,221,,3728,-128,1728,38,64,-80,-84,-19,241
2011/8/1 12:02:09,,221,,3792,-144,1744,37,56,-81,-88,-21,243
2011/8/1 12:02:09,,221,,3744,-80,1824,39,64,-77,-88,-21,243
2011/8/1 12:02:09,,221,,3680,-64,1872,29,58,-83,-88,-21,243
2011/8/1 12:02:09,,221,,3696,-80,1888,30,62,-83,-84,-22,241
2011/8/1 12:02:09,,222,,3680,-80,1792,30,75,-89,-80,-15,243
2011/8/1 12:02:09,,222,,3712,-96,1680,33,79,-92,-86,-17,244
2011/8/1 12:02:09,,222,,3648,-144,1824,29,74,-89,-86,-17,244
2011/8/1 12:02:09,,222,,3696,-160,1824,33,62,-85,-88,-17,241
2011/8/1 12:02:09,,222,,3664,-112,1776,34,67,-91,-90,-21,239
2011/8/1 12:02:09,,223,,3664,-80,1856,36,63,-87,-84,-19,239
2011/8/1 12:02:09,,223,,3616,-80,1648,38,69,-86,-84,-19,239
2011/8/1 12:02:09,,223,,3680,-144,1840,38,68,-87,-84,-19,239
2011/8/1 12:02:09,,223,,3680,-96,1856,28,73,-89,-89,-22,248
2011/8/1 12:02:09,,223,,3760,-112,1936,24,80,-80,-85,-23,246
2011/8/1 12:02:09,,224,,3664,-144,1728,27,76,-74,-85,-23,246
2011/8/1 12:02:09,,224,,3712,-112,1792,24,82,-72,-85,-23,246
2011/8/1 12:02:09,,224,,3680,-80,1696,37,69,-67,-84,-26,243
2011/8/1 12:02:09,,224,,3664,-128,1792,34,72,-63,-87,-25,244
2011/8/1 12:02:09,,224,,3680,-80,1712,49,58,-74,-87,-25,244
2011/8/1 12:02:09,,225,,3632,-96,1744,52,61,-66,-87,-25,244
2011/8/1 12:02:09,,225,,3648,192,1824,51,55,-71,-85,-21,241
2011/8/1 12:02:09,,225,,3744,-48,1808,54,36,-71,-87,-15,240
2011/8/1 12:02:09,,225,,3776,-32,1744,58,43,-76,-84,-18,248
2011/8/1 12:02:09,,225,,3712,-32,1792,64,32,-69,-84,-18,248
2011/8/1 12:02:09,,226,,3744,-32,1888,56,31,-79,-87,-17,243
2011/8/1 12:02:09,,226,,3648,-64,1920,64,49,-82,-82,-19,247
2011/8/1 12:02:09,,226,,3744,-80,2032,48,54,-87,-84,-18,244
2011/8/1 12:02:09,,226,,3664,-48,1856,55,70,-88,-84,-18,244
2011/8/1 12:02:09,,226,,3712,0,1840,50,66,-90,-84,-18,244
2011/8/1 12:02:10,,227,,3648,-80,1792,50,74,-98,-88,-20,242
2011/8/1 12:02:10,,227,,3728,-112,1792,49,66,-102,-90,-12,240
2011/8/1 12:02:10,,227,,3728,-112,1808,50,75,-104,-90,-12,240
2011/8/1 12:02:10,,227,,3760,-16,1776,47,60,-108,-90,-12,240
2011/8/1 12:02:10,,227,,3728,-64,1808,40,55,-118,-86,-13,247
2011/8/1 12:02:10,,228,,3696,-32,1920,43,56,-124,-88,-20,242
2011/8/1 12:02:10,,228,,3680,-80,1904,30,68,-130,-88,-20,242
2011/8/1 12:02:10,,228,,3680,-32,2032,29,76,-131,-88,-20,242
2011/8/1 12:02:10,,228,,3824,-80,1984,21,89,-136,-87,-17,241
2011/8/1 12:02:10,,228,,3584,-176,1840,10,114,-143,-92,-22,241
2011/8/1 12:02:10,,229,,3648,-80,1856,-1,180,-148,-84,-16,247
2011/8/1 12:02:10,,229,,3680,-64,1552,15,179,-147,-84,-16,247
2011/8/1 12:02:10,,229,,3664,-144,1488,32,107,-140,-87,-23,243
2011/8/1 12:02:10,,229,,3712,-112,1376,50,35,-130,-87,-22,244
2011/8/1 12:02:10,,229,,3712,-64,1744,66,-47,-120,-78,-16,244
2011/8/1 12:02:10,,230,,3744,-48,1936,59,-46,-122,-78,-16,244
2011/8/1 12:02:10,,230,,3648,-16,2048,57,7,-120,-78,-16,244
2011/8/1 12:02:10,,230,,3728,32,2000,66,32,-125,-86,-15,246
2011/8/1 12:02:10,,230,,3664,-144,1984,55,50,-137,-83,-16,240
2011/8/1 12:02:10,,230,,3664,16,1920,58,53,-146,-83,-16,240
2011/8/1 12:02:10,,231,,3696,240,2096,68,71,-152,-83,-16,240
2011/8/1 12:02:10,,231,,3648,-256,1936,73,99,-165,-86,-18,245
2011/8/1 12:02:10,,231,,3648,64,1952,94,108,-165,-87,-15,241
2011/8/1 12:02:10,,231,,3696,0,1984,99,99,-167,-87,-15,241
2011/8/1 12:02:10,,231,,3600,48,2112,115,105,-167,-87,-15,241
2011/8/1 12:02:10,,232,,3552,0,2112,128,124,-172,-80,-13,244
2011/8/1 12:02:10,,232,,3600,-48,2048,140,152,-170,-88,-20,240
2011/8/1 12:02:10,,232,,3728,0,1872,145,154,-176,-81,-14,245
2011/8/1 12:02:10,,232,,3664,32,1856,156,148,-175,-81,-14,245
2011/8/1 12:02:10,,232,,3632,-32,1840,153,140,-177,-91,-19,248